Date,Month_Year,Variable,Value,Category
27/07/2022,2022_Jul,X30m,0,<0.1
27/07/2022,2022_Jul,X30m,0,<0.1
27/07/2022,2022_Jul,X30m,0,<0.1
27/07/2022,2022_Jul,X10m_1.5m,0,<0.1
27/07/2022,2022_Jul,X10m_1.5m,0,<0.1
27/07/2022,2022_Jul,X10m_1.5m,0.5,0.1-2
27/07/2022,2022_Jul,X10m_0m,0,<0.1
27/07/2022,2022_Jul,X10m_0m,0,<0.1
27/07/2022,2022_Jul,X10m_0m,0.5,0.1-2
27/07/2022,2022_Jul,X0m_1.5m,0,<0.1
27/07/2022,2022_Jul,X0m_1.5m,0,<0.1
27/07/2022,2022_Jul,X0m_1.5m,0.7,0.1-2
27/07/2022,2022_Jul,X0m_0m,1.8,0.1-2
27/07/2022,2022_Jul,X0m_0m,2,0.1-2
27/07/2022,2022_Jul,X0m_0m,2.8,2.1-5
27/07/2022,2022_Jul,X0m_0m,1.8,0.1-2
27/07/2022,2022_Jul,X0m_0m,2,0.1-2
27/07/2022,2022_Jul,X0m_0m,2.8,2.1-5
27/07/2022,2022_Jul,X0m_digging,5.2,5.1-10
27/07/2022,2022_Jul,X0m_digging,2,0.1-2
27/07/2022,2022_Jul,X0m_digging,11.5,10.1-50
27/07/2022,2022_Jul,X0m_digging,3.1,2.1-5
27/07/2022,2022_Jul,X0m_digging,1.5,0.1-2
27/07/2022,2022_Jul,X0m_digging,4.6,2.1-5
27/07/2022,2022_Jul,pile_height,15,NA
27/07/2022,2022_Jul,pile_height,20,NA
27/07/2022,2022_Jul,pile_height,20,NA
27/07/2022,2022_Jul,WS,5.7,NA
27/07/2022,2022_Jul,WS,9.1,NA
27/07/2022,2022_Jul,WS,4,NA
27/07/2022,2022_Jul,WD,100,NA
27/07/2022,2022_Jul,WD,102.6,NA
27/07/2022,2022_Jul,WD,114,NA
27/07/2022,2022_Jul,Temp,28.4,NA
27/07/2022,2022_Jul,Temp,27.3,NA
27/07/2022,2022_Jul,Temp,29.3,NA
28/07/2022,2022_Jul,X30m,0,<0.1
28/07/2022,2022_Jul,X30m,0,<0.1
28/07/2022,2022_Jul,X30m,0,<0.1
28/07/2022,2022_Jul,X10m_1.5m,0,<0.1
28/07/2022,2022_Jul,X10m_1.5m,0,<0.1
28/07/2022,2022_Jul,X10m_1.5m,0,<0.1
28/07/2022,2022_Jul,X10m_0m,0,<0.1
28/07/2022,2022_Jul,X10m_0m,0,<0.1
28/07/2022,2022_Jul,X10m_0m,0,<0.1
28/07/2022,2022_Jul,X0m_1.5m,0,<0.1
28/07/2022,2022_Jul,X0m_1.5m,0,<0.1
28/07/2022,2022_Jul,X0m_1.5m,0,<0.1
28/07/2022,2022_Jul,X0m_0m,0,<0.1
28/07/2022,2022_Jul,X0m_0m,0.7,0.1-2
28/07/2022,2022_Jul,X0m_0m,0.8,0.1-2
28/07/2022,2022_Jul,X0m_0m,0,<0.1
28/07/2022,2022_Jul,X0m_0m,0.7,0.1-2
28/07/2022,2022_Jul,X0m_0m,0.8,0.1-2
28/07/2022,2022_Jul,X0m_digging,5.8,5.1-10
28/07/2022,2022_Jul,X0m_digging,1,0.1-2
28/07/2022,2022_Jul,X0m_digging,2.6,2.1-5
28/07/2022,2022_Jul,X0m_digging,2.6,2.1-5
28/07/2022,2022_Jul,X0m_digging,0.8,0.1-2
28/07/2022,2022_Jul,X0m_digging,1.8,0.1-2
28/07/2022,2022_Jul,pile_height,11,NA
28/07/2022,2022_Jul,pile_height,12,NA
28/07/2022,2022_Jul,pile_height,10,NA
28/07/2022,2022_Jul,WS,6.4,NA
28/07/2022,2022_Jul,WS,5.5,NA
28/07/2022,2022_Jul,WS,5.6,NA
28/07/2022,2022_Jul,WD,47,NA
28/07/2022,2022_Jul,WD,71,NA
28/07/2022,2022_Jul,WD,94,NA
28/07/2022,2022_Jul,Temp,29.1,NA
28/07/2022,2022_Jul,Temp,29.5,NA
28/07/2022,2022_Jul,Temp,29.1,NA
29/07/2022,2022_Jul,X30m,0,<0.1
29/07/2022,2022_Jul,X30m,0,<0.1
29/07/2022,2022_Jul,X10m_1.5m,0,<0.1
29/07/2022,2022_Jul,X10m_1.5m,0,<0.1
29/07/2022,2022_Jul,X10m_0m,0,<0.1
29/07/2022,2022_Jul,X10m_0m,0,<0.1
29/07/2022,2022_Jul,X0m_1.5m,0,<0.1
29/07/2022,2022_Jul,X0m_1.5m,0,<0.1
29/07/2022,2022_Jul,X0m_0m,1.5,0.1-2
29/07/2022,2022_Jul,X0m_0m,2.5,2.1-5
29/07/2022,2022_Jul,X0m_0m,1.5,0.1-2
29/07/2022,2022_Jul,X0m_0m,2.5,2.1-5
29/07/2022,2022_Jul,X0m_digging,22,10.1-50
29/07/2022,2022_Jul,X0m_digging,4.5,2.1-5
29/07/2022,2022_Jul,X0m_digging,7.2,5.1-10
29/07/2022,2022_Jul,X0m_digging,2.8,2.1-5
29/07/2022,2022_Jul,pile_height,15,NA
29/07/2022,2022_Jul,pile_height,14,NA
29/07/2022,2022_Jul,WS,7.3,NA
29/07/2022,2022_Jul,WS,7.6,NA
29/07/2022,2022_Jul,WD,75,NA
29/07/2022,2022_Jul,WD,81,NA
29/07/2022,2022_Jul,Temp,29.1,NA
29/07/2022,2022_Jul,Temp,28.7,NA
01/08/2022,2022_Aug,X30m,0,<0.1
01/08/2022,2022_Aug,X30m,0,<0.1
01/08/2022,2022_Aug,X10m_1.5m,0,<0.1
01/08/2022,2022_Aug,X10m_1.5m,0,<0.1
01/08/2022,2022_Aug,X10m_0m,0,<0.1
01/08/2022,2022_Aug,X10m_0m,0,<0.1
01/08/2022,2022_Aug,X0m_1.5m,0,<0.1
01/08/2022,2022_Aug,X0m_1.5m,0,<0.1
01/08/2022,2022_Aug,X0m_0m,0,<0.1
01/08/2022,2022_Aug,X0m_0m,2.5,2.1-5
01/08/2022,2022_Aug,X0m_0m,0,<0.1
01/08/2022,2022_Aug,X0m_0m,2.5,2.1-5
01/08/2022,2022_Aug,X0m_digging,0,<0.1
01/08/2022,2022_Aug,X0m_digging,3.7,2.1-5
01/08/2022,2022_Aug,X0m_digging,0,<0.1
01/08/2022,2022_Aug,X0m_digging,3.2,2.1-5
01/08/2022,2022_Aug,pile_height,10,NA
01/08/2022,2022_Aug,pile_height,30,NA
01/08/2022,2022_Aug,WS,5.8,NA
01/08/2022,2022_Aug,WS,6.2,NA
01/08/2022,2022_Aug,WD,74.6,NA
01/08/2022,2022_Aug,WD,70.6,NA
01/08/2022,2022_Aug,Temp,29.3,NA
01/08/2022,2022_Aug,Temp,29.2,NA
02/08/2022,2022_Aug,X30m,0,<0.1
02/08/2022,2022_Aug,X30m,0,<0.1
02/08/2022,2022_Aug,X10m_1.5m,0,<0.1
02/08/2022,2022_Aug,X10m_1.5m,0,<0.1
02/08/2022,2022_Aug,X10m_0m,0,<0.1
02/08/2022,2022_Aug,X10m_0m,0,<0.1
02/08/2022,2022_Aug,X0m_1.5m,0,<0.1
02/08/2022,2022_Aug,X0m_1.5m,0,<0.1
02/08/2022,2022_Aug,X0m_0m,0,<0.1
02/08/2022,2022_Aug,X0m_0m,0,<0.1
02/08/2022,2022_Aug,X0m_0m,0,<0.1
02/08/2022,2022_Aug,X0m_0m,0,<0.1
02/08/2022,2022_Aug,X0m_digging,5,2.1-5
02/08/2022,2022_Aug,X0m_digging,1.8,0.1-2
02/08/2022,2022_Aug,X0m_digging,0.5,0.1-2
02/08/2022,2022_Aug,X0m_digging,0,<0.1
02/08/2022,2022_Aug,pile_height,30,NA
02/08/2022,2022_Aug,pile_height,10,NA
02/08/2022,2022_Aug,WS,2.8,NA
02/08/2022,2022_Aug,WS,4.8,NA
02/08/2022,2022_Aug,WD,80.6,NA
02/08/2022,2022_Aug,WD,80.4,NA
02/08/2022,2022_Aug,Temp,29.4,NA
02/08/2022,2022_Aug,Temp,29.1,NA
03/08/2022,2022_Aug,X30m,0,<0.1
03/08/2022,2022_Aug,X30m,0,<0.1
03/08/2022,2022_Aug,X10m_1.5m,0,<0.1
03/08/2022,2022_Aug,X10m_1.5m,0,<0.1
03/08/2022,2022_Aug,X10m_0m,0,<0.1
03/08/2022,2022_Aug,X10m_0m,0,<0.1
03/08/2022,2022_Aug,X0m_1.5m,0,<0.1
03/08/2022,2022_Aug,X0m_1.5m,0,<0.1
03/08/2022,2022_Aug,X0m_0m,0,<0.1
03/08/2022,2022_Aug,X0m_0m,0,<0.1
03/08/2022,2022_Aug,X0m_0m,0,<0.1
03/08/2022,2022_Aug,X0m_0m,0,<0.1
03/08/2022,2022_Aug,X0m_digging,30,10.1-50
03/08/2022,2022_Aug,X0m_digging,11,10.1-50
03/08/2022,2022_Aug,X0m_digging,18,10.1-50
03/08/2022,2022_Aug,X0m_digging,2.3,2.1-5
03/08/2022,2022_Aug,pile_height,30,NA
03/08/2022,2022_Aug,pile_height,20,NA
03/08/2022,2022_Aug,WS,4,NA
03/08/2022,2022_Aug,WS,3.9,NA
03/08/2022,2022_Aug,WD,94.9,NA
03/08/2022,2022_Aug,WD,104,NA
03/08/2022,2022_Aug,Temp,29.5,NA
03/08/2022,2022_Aug,Temp,29.18,NA
05/08/2022,2022_Aug,X30m,0,<0.1
05/08/2022,2022_Aug,X30m,0,<0.1
05/08/2022,2022_Aug,X10m_1.5m,0,<0.1
05/08/2022,2022_Aug,X10m_1.5m,0,<0.1
05/08/2022,2022_Aug,X10m_0m,0,<0.1
05/08/2022,2022_Aug,X10m_0m,0,<0.1
05/08/2022,2022_Aug,X0m_1.5m,0,<0.1
05/08/2022,2022_Aug,X0m_1.5m,0,<0.1
05/08/2022,2022_Aug,X0m_0m,0,<0.1
05/08/2022,2022_Aug,X0m_0m,0,<0.1
05/08/2022,2022_Aug,X0m_0m,0,<0.1
05/08/2022,2022_Aug,X0m_0m,0,<0.1
05/08/2022,2022_Aug,X0m_digging,2,0.1-2
05/08/2022,2022_Aug,X0m_digging,2.9,2.1-5
05/08/2022,2022_Aug,X0m_digging,1.3,0.1-2
05/08/2022,2022_Aug,X0m_digging,1.8,0.1-2
05/08/2022,2022_Aug,pile_height,30,NA
05/08/2022,2022_Aug,pile_height,30,NA
05/08/2022,2022_Aug,WS,3.7,NA
05/08/2022,2022_Aug,WS,5.7,NA
05/08/2022,2022_Aug,WD,94.8,NA
05/08/2022,2022_Aug,WD,101.4,NA
05/08/2022,2022_Aug,Temp,28.9,NA
05/08/2022,2022_Aug,Temp,29,NA
08/08/2022,2022_Aug,X30m,0,<0.1
08/08/2022,2022_Aug,X10m_1.5m,0,<0.1
08/08/2022,2022_Aug,X10m_0m,0,<0.1
08/08/2022,2022_Aug,X0m_1.5m,0,<0.1
08/08/2022,2022_Aug,X0m_0m,0,<0.1
08/08/2022,2022_Aug,X0m_0m,0,<0.1
08/08/2022,2022_Aug,X0m_digging,6.9,5.1-10
08/08/2022,2022_Aug,X0m_digging,2.3,2.1-5
08/08/2022,2022_Aug,pile_height,40,NA
08/08/2022,2022_Aug,WS,4.2,NA
08/08/2022,2022_Aug,WD,87.5,NA
08/08/2022,2022_Aug,Temp,29.1,NA
09/08/2022,2022_Aug,X30m,0,<0.1
09/08/2022,2022_Aug,X10m_1.5m,0,<0.1
09/08/2022,2022_Aug,X10m_0m,0,<0.1
09/08/2022,2022_Aug,X0m_1.5m,0,<0.1
09/08/2022,2022_Aug,X0m_0m,0,<0.1
09/08/2022,2022_Aug,X0m_0m,0,<0.1
09/08/2022,2022_Aug,X0m_digging,100,>50
09/08/2022,2022_Aug,X0m_digging,2.1,2.1-5
09/08/2022,2022_Aug,pile_height,40,NA
09/08/2022,2022_Aug,WS,2,NA
09/08/2022,2022_Aug,WD,103.7,NA
09/08/2022,2022_Aug,Temp,28.9,NA
15/08/2022,2022_Aug,X30m,0,<0.1
15/08/2022,2022_Aug,X30m,0,<0.1
15/08/2022,2022_Aug,X10m_1.5m,0,<0.1
15/08/2022,2022_Aug,X10m_1.5m,0,<0.1
15/08/2022,2022_Aug,X10m_0m,0,<0.1
15/08/2022,2022_Aug,X10m_0m,0,<0.1
15/08/2022,2022_Aug,X0m_1.5m,0,<0.1
15/08/2022,2022_Aug,X0m_1.5m,0,<0.1
15/08/2022,2022_Aug,X0m_0m,2.4,2.1-5
15/08/2022,2022_Aug,X0m_0m,1.2,0.1-2
15/08/2022,2022_Aug,X0m_0m,2.4,2.1-5
15/08/2022,2022_Aug,X0m_0m,1.2,0.1-2
15/08/2022,2022_Aug,X0m_digging,13.9,10.1-50
15/08/2022,2022_Aug,X0m_digging,3,2.1-5
15/08/2022,2022_Aug,X0m_digging,3.3,2.1-5
15/08/2022,2022_Aug,X0m_digging,2.2,2.1-5
15/08/2022,2022_Aug,pile_height,25,NA
15/08/2022,2022_Aug,pile_height,25,NA
15/08/2022,2022_Aug,WS,3.1,NA
15/08/2022,2022_Aug,WS,3.8,NA
15/08/2022,2022_Aug,WD,64,NA
15/08/2022,2022_Aug,WD,103,NA
15/08/2022,2022_Aug,Temp,28.77,NA
15/08/2022,2022_Aug,Temp,28.95,NA
16/08/2022,2022_Aug,X30m,0,<0.1
16/08/2022,2022_Aug,X30m,0,<0.1
16/08/2022,2022_Aug,X10m_1.5m,0,<0.1
16/08/2022,2022_Aug,X10m_1.5m,0,<0.1
16/08/2022,2022_Aug,X10m_0m,2,0.1-2
16/08/2022,2022_Aug,X10m_0m,0.9,0.1-2
16/08/2022,2022_Aug,X0m_1.5m,0,<0.1
16/08/2022,2022_Aug,X0m_1.5m,0,<0.1
16/08/2022,2022_Aug,X0m_0m,3.4,2.1-5
16/08/2022,2022_Aug,X0m_0m,4.4,2.1-5
16/08/2022,2022_Aug,X0m_0m,3.4,2.1-5
16/08/2022,2022_Aug,X0m_0m,4.4,2.1-5
16/08/2022,2022_Aug,X0m_digging,5.1,5.1-10
16/08/2022,2022_Aug,X0m_digging,5.4,5.1-10
16/08/2022,2022_Aug,X0m_digging,3.1,2.1-5
16/08/2022,2022_Aug,X0m_digging,5.3,5.1-10
16/08/2022,2022_Aug,pile_height,30,NA
16/08/2022,2022_Aug,pile_height,30,NA
16/08/2022,2022_Aug,WS,3.04,NA
16/08/2022,2022_Aug,WS,3.26,NA
16/08/2022,2022_Aug,WD,135,NA
16/08/2022,2022_Aug,WD,140,NA
16/08/2022,2022_Aug,Temp,28.69,NA
16/08/2022,2022_Aug,Temp,28.47,NA
17/08/2022,2022_Aug,X30m,0,<0.1
17/08/2022,2022_Aug,X10m_1.5m,0,<0.1
17/08/2022,2022_Aug,X10m_0m,0,<0.1
17/08/2022,2022_Aug,X0m_1.5m,0,<0.1
17/08/2022,2022_Aug,X0m_0m,1.4,0.1-2
17/08/2022,2022_Aug,X0m_0m,1.4,0.1-2
17/08/2022,2022_Aug,X0m_digging,2.9,2.1-5
17/08/2022,2022_Aug,X0m_digging,2.2,2.1-5
17/08/2022,2022_Aug,pile_height,30,NA
17/08/2022,2022_Aug,WS,4.3,NA
17/08/2022,2022_Aug,WD,81,NA
17/08/2022,2022_Aug,Temp,28.84,NA
19/08/2022,2022_Aug,X30m,0,<0.1
19/08/2022,2022_Aug,X10m_1.5m,0,<0.1
19/08/2022,2022_Aug,X10m_0m,0,<0.1
19/08/2022,2022_Aug,X0m_1.5m,0,<0.1
19/08/2022,2022_Aug,X0m_0m,1,0.1-2
19/08/2022,2022_Aug,X0m_0m,1,0.1-2
19/08/2022,2022_Aug,X0m_digging,1.1,0.1-2
19/08/2022,2022_Aug,X0m_digging,0.9,0.1-2
19/08/2022,2022_Aug,pile_height,25,NA
19/08/2022,2022_Aug,WS,5.2,NA
19/08/2022,2022_Aug,WD,95,NA
19/08/2022,2022_Aug,Temp,29.6,NA
23/08/2022,2022_Aug,X30m,0,<0.1
23/08/2022,2022_Aug,X10m_1.5m,0,<0.1
23/08/2022,2022_Aug,X10m_0m,0,<0.1
23/08/2022,2022_Aug,X0m_1.5m,0,<0.1
23/08/2022,2022_Aug,X0m_0m,0,<0.1
23/08/2022,2022_Aug,X0m_0m,0,<0.1
23/08/2022,2022_Aug,X0m_digging,8.5,5.1-10
23/08/2022,2022_Aug,X0m_digging,0.3,0.1-2
23/08/2022,2022_Aug,pile_height,30,NA
23/08/2022,2022_Aug,WS,3.9,NA
23/08/2022,2022_Aug,WD,146.6,NA
23/08/2022,2022_Aug,Temp,29.1,NA
24/08/2022,2022_Aug,X30m,0,<0.1
24/08/2022,2022_Aug,X10m_1.5m,0,<0.1
24/08/2022,2022_Aug,X10m_0m,0,<0.1
24/08/2022,2022_Aug,X0m_1.5m,0,<0.1
24/08/2022,2022_Aug,X0m_0m,5.2,5.1-10
24/08/2022,2022_Aug,X0m_0m,5.2,5.1-10
24/08/2022,2022_Aug,X0m_digging,7.2,5.1-10
24/08/2022,2022_Aug,X0m_digging,6.8,5.1-10
24/08/2022,2022_Aug,pile_height,10,NA
24/08/2022,2022_Aug,WS,1.1,NA
24/08/2022,2022_Aug,WD,27,NA
24/08/2022,2022_Aug,Temp,27.9,NA
25/08/2022,2022_Aug,X30m,0,<0.1
25/08/2022,2022_Aug,X10m_1.5m,0,<0.1
25/08/2022,2022_Aug,X10m_0m,0,<0.1
25/08/2022,2022_Aug,X0m_1.5m,0,<0.1
25/08/2022,2022_Aug,X0m_0m,1.8,0.1-2
25/08/2022,2022_Aug,X0m_0m,1.8,0.1-2
25/08/2022,2022_Aug,X0m_digging,2.6,2.1-5
25/08/2022,2022_Aug,X0m_digging,25,10.1-50
25/08/2022,2022_Aug,pile_height,10,NA
25/08/2022,2022_Aug,WS,5.4,NA
25/08/2022,2022_Aug,WD,112,NA
25/08/2022,2022_Aug,Temp,29.1,NA
26/08/2022,2022_Aug,X30m,0,<0.1
26/08/2022,2022_Aug,X30m,0,<0.1
26/08/2022,2022_Aug,X10m_1.5m,0,<0.1
26/08/2022,2022_Aug,X10m_1.5m,0,<0.1
26/08/2022,2022_Aug,X10m_0m,0,<0.1
26/08/2022,2022_Aug,X10m_0m,0,<0.1
26/08/2022,2022_Aug,X0m_1.5m,0,<0.1
26/08/2022,2022_Aug,X0m_1.5m,0,<0.1
26/08/2022,2022_Aug,X0m_0m,1.1,0.1-2
26/08/2022,2022_Aug,X0m_0m,0.6,0.1-2
26/08/2022,2022_Aug,X0m_0m,1.1,0.1-2
26/08/2022,2022_Aug,X0m_0m,0.6,0.1-2
26/08/2022,2022_Aug,X0m_digging,1.7,0.1-2
26/08/2022,2022_Aug,X0m_digging,1.6,0.1-2
26/08/2022,2022_Aug,X0m_digging,1.7,0.1-2
26/08/2022,2022_Aug,X0m_digging,0.9,0.1-2
26/08/2022,2022_Aug,pile_height,30,NA
26/08/2022,2022_Aug,pile_height,5,NA
26/08/2022,2022_Aug,WS,3.7,NA
26/08/2022,2022_Aug,WS,4.2,NA
26/08/2022,2022_Aug,WD,143,NA
26/08/2022,2022_Aug,WD,110,NA
26/08/2022,2022_Aug,Temp,28.6,NA
26/08/2022,2022_Aug,Temp,29.2,NA
29/08/2022,2022_Aug,X30m,0,<0.1
29/08/2022,2022_Aug,X30m,0,<0.1
29/08/2022,2022_Aug,X10m_1.5m,0,<0.1
29/08/2022,2022_Aug,X10m_1.5m,0,<0.1
29/08/2022,2022_Aug,X10m_0m,1.5,0.1-2
29/08/2022,2022_Aug,X10m_0m,0,<0.1
29/08/2022,2022_Aug,X0m_1.5m,0,<0.1
29/08/2022,2022_Aug,X0m_1.5m,0,<0.1
29/08/2022,2022_Aug,X0m_0m,1.6,0.1-2
29/08/2022,2022_Aug,X0m_0m,1.9,0.1-2
29/08/2022,2022_Aug,X0m_0m,1.6,0.1-2
29/08/2022,2022_Aug,X0m_0m,1.9,0.1-2
29/08/2022,2022_Aug,X0m_digging,6.4,5.1-10
29/08/2022,2022_Aug,X0m_digging,2.2,2.1-5
29/08/2022,2022_Aug,X0m_digging,2.6,2.1-5
29/08/2022,2022_Aug,X0m_digging,0.2,0.1-2
29/08/2022,2022_Aug,pile_height,5,NA
29/08/2022,2022_Aug,pile_height,30,NA
29/08/2022,2022_Aug,WS,3.66,NA
29/08/2022,2022_Aug,WS,3.6,NA
29/08/2022,2022_Aug,WD,118,NA
29/08/2022,2022_Aug,WD,123.2,NA
29/08/2022,2022_Aug,Temp,29.3,NA
29/08/2022,2022_Aug,Temp,29.3,NA
31/08/2022,2022_Aug,X30m,0,<0.1
31/08/2022,2022_Aug,X10m_1.5m,0.7,0.1-2
31/08/2022,2022_Aug,X10m_0m,1.1,0.1-2
31/08/2022,2022_Aug,X0m_1.5m,0.9,0.1-2
31/08/2022,2022_Aug,X0m_0m,3.1,2.1-5
31/08/2022,2022_Aug,X0m_0m,3.1,2.1-5
31/08/2022,2022_Aug,X0m_digging,4.2,2.1-5
31/08/2022,2022_Aug,X0m_digging,2.2,2.1-5
31/08/2022,2022_Aug,pile_height,30,NA
31/08/2022,2022_Aug,WS,2.1,NA
31/08/2022,2022_Aug,WD,86,NA
31/08/2022,2022_Aug,Temp,28.5,NA
14/09/2022,2022_Sep,X30m,0,<0.1
14/09/2022,2022_Sep,X10m_1.5m,0,<0.1
14/09/2022,2022_Sep,X10m_0m,0,<0.1
14/09/2022,2022_Sep,X0m_1.5m,0,<0.1
14/09/2022,2022_Sep,X0m_0m,0,<0.1
14/09/2022,2022_Sep,X0m_0m,0,<0.1
14/09/2022,2022_Sep,X0m_digging,0,<0.1
14/09/2022,2022_Sep,X0m_digging,0,<0.1
14/09/2022,2022_Sep,pile_height,25,NA
14/09/2022,2022_Sep,WS,4.96,NA
14/09/2022,2022_Sep,WD,117,NA
14/09/2022,2022_Sep,Temp,30,NA
19/09/2022,2022_Sep,X30m,0,<0.1
19/09/2022,2022_Sep,X10m_1.5m,0,<0.1
19/09/2022,2022_Sep,X10m_0m,0,<0.1
19/09/2022,2022_Sep,X0m_1.5m,0,<0.1
19/09/2022,2022_Sep,X0m_0m,0,<0.1
19/09/2022,2022_Sep,X0m_0m,0,<0.1
19/09/2022,2022_Sep,X0m_digging,2.6,2.1-5
19/09/2022,2022_Sep,X0m_digging,1.4,0.1-2
19/09/2022,2022_Sep,pile_height,30,NA
19/09/2022,2022_Sep,WS,5.7,NA
19/09/2022,2022_Sep,WD,108,NA
19/09/2022,2022_Sep,Temp,28.7,NA
21/09/2022,2022_Sep,X30m,0,<0.1
21/09/2022,2022_Sep,X10m_1.5m,0,<0.1
21/09/2022,2022_Sep,X10m_0m,0,<0.1
21/09/2022,2022_Sep,X0m_1.5m,0,<0.1
21/09/2022,2022_Sep,X0m_0m,1.8,0.1-2
21/09/2022,2022_Sep,X0m_0m,1.8,0.1-2
21/09/2022,2022_Sep,X0m_digging,21.8,10.1-50
21/09/2022,2022_Sep,X0m_digging,0.8,0.1-2
21/09/2022,2022_Sep,pile_height,20,NA
21/09/2022,2022_Sep,WS,3.6,NA
21/09/2022,2022_Sep,WD,84,NA
21/09/2022,2022_Sep,Temp,29.2,NA
23/09/2022,2022_Sep,X30m,0,<0.1
23/09/2022,2022_Sep,X10m_1.5m,0,<0.1
23/09/2022,2022_Sep,X10m_0m,0,<0.1
23/09/2022,2022_Sep,X0m_1.5m,0,<0.1
23/09/2022,2022_Sep,X0m_0m,1.3,0.1-2
23/09/2022,2022_Sep,X0m_0m,1.3,0.1-2
23/09/2022,2022_Sep,X0m_digging,12.8,10.1-50
23/09/2022,2022_Sep,X0m_digging,0.6,0.1-2
23/09/2022,2022_Sep,pile_height,10,NA
23/09/2022,2022_Sep,WS,5.7,NA
23/09/2022,2022_Sep,WD,66,NA
23/09/2022,2022_Sep,Temp,29.4,NA
30/09/2022,2022_Sep,X30m,0,<0.1
30/09/2022,2022_Sep,X10m_1.5m,0,<0.1
30/09/2022,2022_Sep,X10m_0m,0,<0.1
30/09/2022,2022_Sep,X0m_1.5m,0,<0.1
30/09/2022,2022_Sep,X0m_0m,0,<0.1
30/09/2022,2022_Sep,X0m_0m,0,<0.1
30/09/2022,2022_Sep,X0m_digging,0,<0.1
30/09/2022,2022_Sep,X0m_digging,0,<0.1
30/09/2022,2022_Sep,pile_height,0,NA
30/09/2022,2022_Sep,WS,1.6,NA
30/09/2022,2022_Sep,WD,336,NA
30/09/2022,2022_Sep,Temp,26.3,NA
20/02/2023,2023_Feb,X30m,0,<0.1
20/02/2023,2023_Feb,X10m_1.5m,0,<0.1
20/02/2023,2023_Feb,X10m_0m,0,<0.1
20/02/2023,2023_Feb,X0m_1.5m,0,<0.1
20/02/2023,2023_Feb,X0m_0m,0,<0.1
20/02/2023,2023_Feb,X0m_0m,0,<0.1
20/02/2023,2023_Feb,X0m_digging,0,<0.1
20/02/2023,2023_Feb,X0m_digging,0,<0.1
20/02/2023,2023_Feb,pile_height,50,NA
20/02/2023,2023_Feb,WS,6.02,NA
20/02/2023,2023_Feb,WD,69.12,NA
20/02/2023,2023_Feb,Temp,26.55,NA
23/02/2023,2023_Feb,X30m,0,<0.1
23/02/2023,2023_Feb,X10m_1.5m,0,<0.1
23/02/2023,2023_Feb,X10m_0m,0,<0.1
23/02/2023,2023_Feb,X0m_1.5m,0,<0.1
23/02/2023,2023_Feb,X0m_0m,0,<0.1
23/02/2023,2023_Feb,X0m_0m,0,<0.1
23/02/2023,2023_Feb,X0m_digging,0,<0.1
23/02/2023,2023_Feb,X0m_digging,0,<0.1
23/02/2023,2023_Feb,pile_height,80,NA
23/02/2023,2023_Feb,WS,11.35,NA
23/02/2023,2023_Feb,WD,169,NA
23/02/2023,2023_Feb,Temp,27.1,NA
10/03/2023,2023_Mar,X30m,0,<0.1
10/03/2023,2023_Mar,X10m_1.5m,0,<0.1
10/03/2023,2023_Mar,X10m_0m,0,<0.1
10/03/2023,2023_Mar,X0m_1.5m,0,<0.1
10/03/2023,2023_Mar,X0m_0m,0,<0.1
10/03/2023,2023_Mar,X0m_0m,0,<0.1
10/03/2023,2023_Mar,X0m_digging,0,<0.1
10/03/2023,2023_Mar,X0m_digging,0,<0.1
10/03/2023,2023_Mar,pile_height,30,NA
10/03/2023,2023_Mar,WS,4.97,NA
10/03/2023,2023_Mar,WD,117.6,NA
10/03/2023,2023_Mar,Temp,27.28,NA
14/03/2023,2023_Mar,X30m,0,<0.1
14/03/2023,2023_Mar,X10m_1.5m,0,<0.1
14/03/2023,2023_Mar,X10m_0m,0,<0.1
14/03/2023,2023_Mar,X0m_1.5m,0,<0.1
14/03/2023,2023_Mar,X0m_0m,0,<0.1
14/03/2023,2023_Mar,X0m_0m,0,<0.1
14/03/2023,2023_Mar,X0m_digging,12.9,10.1-50
14/03/2023,2023_Mar,X0m_digging,3.3,2.1-5
14/03/2023,2023_Mar,pile_height,30,NA
14/03/2023,2023_Mar,WS,4.17,NA
14/03/2023,2023_Mar,WD,132.8,NA
14/03/2023,2023_Mar,Temp,27.13,NA
21/03/2023,2023_Mar,X30m,0,<0.1
21/03/2023,2023_Mar,X10m_1.5m,0,<0.1
21/03/2023,2023_Mar,X10m_0m,0,<0.1
21/03/2023,2023_Mar,X0m_1.5m,0,<0.1
21/03/2023,2023_Mar,X0m_0m,0,<0.1
21/03/2023,2023_Mar,X0m_0m,0,<0.1
21/03/2023,2023_Mar,X0m_digging,4.9,2.1-5
21/03/2023,2023_Mar,X0m_digging,0,<0.1
21/03/2023,2023_Mar,pile_height,40,NA
21/03/2023,2023_Mar,WS,5.87,NA
21/03/2023,2023_Mar,WD,67.4,NA
21/03/2023,2023_Mar,Temp,26.2,NA
29/03/2023,2023_Mar,X30m,0,<0.1
29/03/2023,2023_Mar,X10m_1.5m,0,<0.1
29/03/2023,2023_Mar,X10m_0m,0,<0.1
29/03/2023,2023_Mar,X0m_1.5m,0,<0.1
29/03/2023,2023_Mar,X0m_0m,0,<0.1
29/03/2023,2023_Mar,X0m_0m,0,<0.1
29/03/2023,2023_Mar,X0m_digging,1,0.1-2
29/03/2023,2023_Mar,X0m_digging,0,<0.1
29/03/2023,2023_Mar,pile_height,30,NA
29/03/2023,2023_Mar,WS,5.18,NA
29/03/2023,2023_Mar,WD,118.6,NA
29/03/2023,2023_Mar,Temp,27.6,NA
30/03/2023,2023_Mar,X30m,0,<0.1
30/03/2023,2023_Mar,X10m_1.5m,0,<0.1
30/03/2023,2023_Mar,X10m_0m,0,<0.1
30/03/2023,2023_Mar,X0m_1.5m,0,<0.1
30/03/2023,2023_Mar,X0m_0m,0,<0.1
30/03/2023,2023_Mar,X0m_0m,0,<0.1
30/03/2023,2023_Mar,X0m_digging,100,>50
30/03/2023,2023_Mar,X0m_digging,0,<0.1
30/03/2023,2023_Mar,pile_height,20,NA
30/03/2023,2023_Mar,WS,6.45,NA
30/03/2023,2023_Mar,WD,119.8,NA
30/03/2023,2023_Mar,Temp,27.6,NA
11/04/2023,2023_Apr,X30m,0,<0.1
11/04/2023,2023_Apr,X10m_1.5m,0,<0.1
11/04/2023,2023_Apr,X10m_0m,0,<0.1
11/04/2023,2023_Apr,X0m_1.5m,0,<0.1
11/04/2023,2023_Apr,X0m_0m,0,<0.1
11/04/2023,2023_Apr,X0m_0m,0,<0.1
11/04/2023,2023_Apr,X0m_digging,28.9,10.1-50
11/04/2023,2023_Apr,X0m_digging,1,0.1-2
11/04/2023,2023_Apr,pile_height,40,NA
11/04/2023,2023_Apr,WS,5,NA
11/04/2023,2023_Apr,WD,111.4,NA
11/04/2023,2023_Apr,Temp,27.23,NA
14/04/2023,2023_Apr,X30m,0,<0.1
14/04/2023,2023_Apr,X10m_1.5m,0,<0.1
14/04/2023,2023_Apr,X10m_0m,0,<0.1
14/04/2023,2023_Apr,X0m_1.5m,0,<0.1
14/04/2023,2023_Apr,X0m_0m,0,<0.1
14/04/2023,2023_Apr,X0m_0m,0,<0.1
14/04/2023,2023_Apr,X0m_digging,9.4,5.1-10
14/04/2023,2023_Apr,X0m_digging,0,<0.1
14/04/2023,2023_Apr,pile_height,30,NA
14/04/2023,2023_Apr,WS,7.7,NA
14/04/2023,2023_Apr,WD,114.8,NA
14/04/2023,2023_Apr,Temp,27.9,NA
25/04/2023,2023_Apr,X30m,0,<0.1
25/04/2023,2023_Apr,X10m_1.5m,0,<0.1
25/04/2023,2023_Apr,X10m_0m,0,<0.1
25/04/2023,2023_Apr,X0m_1.5m,0,<0.1
25/04/2023,2023_Apr,X0m_0m,0,<0.1
25/04/2023,2023_Apr,X0m_0m,0,<0.1
25/04/2023,2023_Apr,X0m_digging,1.3,0.1-2
25/04/2023,2023_Apr,X0m_digging,0.8,0.1-2
25/04/2023,2023_Apr,pile_height,40,NA
25/04/2023,2023_Apr,WS,1.79,NA
25/04/2023,2023_Apr,WD,331.7,NA
25/04/2023,2023_Apr,Temp,28.6,NA
17/05/2023,2023_May,X30m,0,<0.1
17/05/2023,2023_May,X30m,0,<0.1
17/05/2023,2023_May,X10m_1.5m,0.9,0.1-2
17/05/2023,2023_May,X10m_1.5m,0,<0.1
17/05/2023,2023_May,X10m_0m,1,0.1-2
17/05/2023,2023_May,X10m_0m,0,<0.1
17/05/2023,2023_May,X0m_1.5m,0.9,0.1-2
17/05/2023,2023_May,X0m_1.5m,0,<0.1
17/05/2023,2023_May,X0m_0m,1.8,0.1-2
17/05/2023,2023_May,X0m_0m,1.8,0.1-2
17/05/2023,2023_May,X0m_0m,1.8,0.1-2
17/05/2023,2023_May,X0m_0m,1.8,0.1-2
17/05/2023,2023_May,X0m_digging,9.4,5.1-10
17/05/2023,2023_May,X0m_digging,1.8,0.1-2
17/05/2023,2023_May,X0m_digging,0,<0.1
17/05/2023,2023_May,X0m_digging,0.7,0.1-2
17/05/2023,2023_May,pile_height,50,NA
17/05/2023,2023_May,pile_height,30,NA
17/05/2023,2023_May,WS,1.68,NA
17/05/2023,2023_May,WS,1.68,NA
17/05/2023,2023_May,WD,187.7,NA
17/05/2023,2023_May,WD,187.7,NA
17/05/2023,2023_May,Temp,28.34,NA
17/05/2023,2023_May,Temp,28.34,NA
29/05/2023,2023_May,X30m,0,<0.1
29/05/2023,2023_May,X30m,0,<0.1
29/05/2023,2023_May,X10m_1.5m,0,<0.1
29/05/2023,2023_May,X10m_1.5m,0,<0.1
29/05/2023,2023_May,X10m_0m,0,<0.1
29/05/2023,2023_May,X10m_0m,0,<0.1
29/05/2023,2023_May,X0m_1.5m,0,<0.1
29/05/2023,2023_May,X0m_1.5m,0,<0.1
29/05/2023,2023_May,X0m_0m,0,<0.1
29/05/2023,2023_May,X0m_0m,0,<0.1
29/05/2023,2023_May,X0m_0m,0,<0.1
29/05/2023,2023_May,X0m_0m,0,<0.1
29/05/2023,2023_May,X0m_digging,19,10.1-50
29/05/2023,2023_May,X0m_digging,36.5,10.1-50
29/05/2023,2023_May,X0m_digging,0,<0.1
29/05/2023,2023_May,X0m_digging,0,<0.1
29/05/2023,2023_May,pile_height,30,NA
29/05/2023,2023_May,pile_height,20,NA
29/05/2023,2023_May,WS,6.45,NA
29/05/2023,2023_May,WS,6.45,NA
29/05/2023,2023_May,WD,145.2,NA
29/05/2023,2023_May,WD,145.2,NA
29/05/2023,2023_May,Temp,28.4,NA
29/05/2023,2023_May,Temp,28.4,NA
06/06/2023,2023_Jun,X30m,0,<0.1
06/06/2023,2023_Jun,X10m_1.5m,0,<0.1
06/06/2023,2023_Jun,X10m_0m,0,<0.1
06/06/2023,2023_Jun,X0m_1.5m,0,<0.1
06/06/2023,2023_Jun,X0m_0m,0,<0.1
06/06/2023,2023_Jun,X0m_0m,0,<0.1
06/06/2023,2023_Jun,X0m_digging,0,<0.1
06/06/2023,2023_Jun,X0m_digging,0,<0.1
06/06/2023,2023_Jun,pile_height,15,NA
06/06/2023,2023_Jun,WS,2.43,NA
06/06/2023,2023_Jun,WD,214.2,NA
06/06/2023,2023_Jun,Temp,30.4,NA
07/06/2023,2023_Jun,X30m,0,<0.1
07/06/2023,2023_Jun,X10m_1.5m,0,<0.1
07/06/2023,2023_Jun,X10m_0m,0,<0.1
07/06/2023,2023_Jun,X0m_1.5m,0,<0.1
07/06/2023,2023_Jun,X0m_0m,0,<0.1
07/06/2023,2023_Jun,X0m_0m,0,<0.1
07/06/2023,2023_Jun,X0m_digging,1.8,0.1-2
07/06/2023,2023_Jun,X0m_digging,1.2,0.1-2
07/06/2023,2023_Jun,pile_height,30,NA
07/06/2023,2023_Jun,WS,2.7,NA
07/06/2023,2023_Jun,WD,198.9,NA
07/06/2023,2023_Jun,Temp,30.8,NA
08/06/2023,2023_Jun,X30m,0,<0.1
08/06/2023,2023_Jun,X10m_1.5m,0,<0.1
08/06/2023,2023_Jun,X10m_0m,0.8,0.1-2
08/06/2023,2023_Jun,X0m_1.5m,0,<0.1
08/06/2023,2023_Jun,X0m_0m,4.6,2.1-5
08/06/2023,2023_Jun,X0m_0m,4.6,2.1-5
08/06/2023,2023_Jun,X0m_digging,4.9,2.1-5
08/06/2023,2023_Jun,X0m_digging,3,2.1-5
08/06/2023,2023_Jun,pile_height,30,NA
08/06/2023,2023_Jun,WS,3.2,NA
08/06/2023,2023_Jun,WD,298.4,NA
08/06/2023,2023_Jun,Temp,30.1,NA
14/06/2023,2023_Jun,X30m,0,<0.1
14/06/2023,2023_Jun,X10m_1.5m,0,<0.1
14/06/2023,2023_Jun,X10m_0m,0,<0.1
14/06/2023,2023_Jun,X0m_1.5m,0,<0.1
14/06/2023,2023_Jun,X0m_0m,0,<0.1
14/06/2023,2023_Jun,X0m_0m,0,<0.1
14/06/2023,2023_Jun,X0m_digging,1.4,0.1-2
14/06/2023,2023_Jun,X0m_digging,0.9,0.1-2
14/06/2023,2023_Jun,pile_height,30,NA
14/06/2023,2023_Jun,WS,7.3,NA
14/06/2023,2023_Jun,WD,147,NA
14/06/2023,2023_Jun,Temp,30,NA
16/06/2023,2023_Jun,X30m,0,<0.1
16/06/2023,2023_Jun,X10m_1.5m,0,<0.1
16/06/2023,2023_Jun,X10m_0m,0,<0.1
16/06/2023,2023_Jun,X0m_1.5m,0,<0.1
16/06/2023,2023_Jun,X0m_0m,0,<0.1
16/06/2023,2023_Jun,X0m_0m,0,<0.1
16/06/2023,2023_Jun,X0m_digging,25,10.1-50
16/06/2023,2023_Jun,X0m_digging,14.4,10.1-50
16/06/2023,2023_Jun,pile_height,20,NA
16/06/2023,2023_Jun,WS,8.8,NA
16/06/2023,2023_Jun,WD,146,NA
16/06/2023,2023_Jun,Temp,29.9,NA
20/06/2023,2023_Jun,X30m,0,<0.1
20/06/2023,2023_Jun,X10m_1.5m,0,<0.1
20/06/2023,2023_Jun,X10m_0m,0,<0.1
20/06/2023,2023_Jun,X0m_1.5m,0,<0.1
20/06/2023,2023_Jun,X0m_0m,0,<0.1
20/06/2023,2023_Jun,X0m_0m,0,<0.1
20/06/2023,2023_Jun,X0m_digging,0,<0.1
20/06/2023,2023_Jun,X0m_digging,0,<0.1
20/06/2023,2023_Jun,pile_height,15,NA
20/06/2023,2023_Jun,WS,5.5,NA
20/06/2023,2023_Jun,WD,119,NA
20/06/2023,2023_Jun,Temp,29.87,NA
21/06/2023,2023_Jun,X30m,0,<0.1
21/06/2023,2023_Jun,X10m_1.5m,0,<0.1
21/06/2023,2023_Jun,X10m_0m,0,<0.1
21/06/2023,2023_Jun,X0m_1.5m,0,<0.1
21/06/2023,2023_Jun,X0m_0m,0,<0.1
21/06/2023,2023_Jun,X0m_0m,0,<0.1
21/06/2023,2023_Jun,X0m_digging,0,<0.1
21/06/2023,2023_Jun,X0m_digging,0,<0.1
21/06/2023,2023_Jun,pile_height,30,NA
21/06/2023,2023_Jun,WS,6.08,NA
21/06/2023,2023_Jun,WD,144,NA
21/06/2023,2023_Jun,Temp,29.77,NA
26/06/2023,2023_Jun,X30m,0,<0.1
26/06/2023,2023_Jun,X10m_1.5m,0,<0.1
26/06/2023,2023_Jun,X10m_0m,0,<0.1
26/06/2023,2023_Jun,X0m_1.5m,0,<0.1
26/06/2023,2023_Jun,X0m_0m,0,<0.1
26/06/2023,2023_Jun,X0m_0m,0,<0.1
26/06/2023,2023_Jun,X0m_digging,8.4,5.1-10
26/06/2023,2023_Jun,X0m_digging,1.1,0.1-2
26/06/2023,2023_Jun,pile_height,15,NA
26/06/2023,2023_Jun,WS,4.92,NA
26/06/2023,2023_Jun,WD,101,NA
26/06/2023,2023_Jun,Temp,31.6,NA
27/06/2023,2023_Jun,X30m,0,<0.1
27/06/2023,2023_Jun,X10m_1.5m,0,<0.1
27/06/2023,2023_Jun,X10m_0m,0,<0.1
27/06/2023,2023_Jun,X0m_1.5m,0,<0.1
27/06/2023,2023_Jun,X0m_0m,0,<0.1
27/06/2023,2023_Jun,X0m_0m,0,<0.1
27/06/2023,2023_Jun,X0m_digging,0,<0.1
27/06/2023,2023_Jun,X0m_digging,0,<0.1
27/06/2023,2023_Jun,pile_height,30,NA
27/06/2023,2023_Jun,WS,3.05,NA
27/06/2023,2023_Jun,WD,49.2,NA
27/06/2023,2023_Jun,Temp,31.16,NA
28/06/2023,2023_Jun,X30m,0,<0.1
28/06/2023,2023_Jun,X10m_1.5m,0,<0.1
28/06/2023,2023_Jun,X10m_0m,0,<0.1
28/06/2023,2023_Jun,X0m_1.5m,0,<0.1
28/06/2023,2023_Jun,X0m_0m,0,<0.1
28/06/2023,2023_Jun,X0m_0m,0,<0.1
28/06/2023,2023_Jun,X0m_digging,40,10.1-50
28/06/2023,2023_Jun,X0m_digging,10,5.1-10
28/06/2023,2023_Jun,pile_height,30,NA
28/06/2023,2023_Jun,WS,6.2,NA
28/06/2023,2023_Jun,WD,106,NA
28/06/2023,2023_Jun,Temp,30.1,NA
29/06/2023,2023_Jun,X30m,0,<0.1
29/06/2023,2023_Jun,X10m_1.5m,0,<0.1
29/06/2023,2023_Jun,X10m_0m,0,<0.1
29/06/2023,2023_Jun,X0m_1.5m,0,<0.1
29/06/2023,2023_Jun,X0m_0m,0,<0.1
29/06/2023,2023_Jun,X0m_0m,0,<0.1
29/06/2023,2023_Jun,X0m_digging,11.6,10.1-50
29/06/2023,2023_Jun,X0m_digging,3.1,2.1-5
29/06/2023,2023_Jun,pile_height,30,NA
29/06/2023,2023_Jun,WS,4.32,NA
29/06/2023,2023_Jun,WD,71.1,NA
29/06/2023,2023_Jun,Temp,30.61,NA
03/07/2023,2023_Jul,X30m,0,<0.1
03/07/2023,2023_Jul,X10m_1.5m,0,<0.1
03/07/2023,2023_Jul,X10m_0m,0,<0.1
03/07/2023,2023_Jul,X0m_1.5m,0,<0.1
03/07/2023,2023_Jul,X0m_0m,0,<0.1
03/07/2023,2023_Jul,X0m_0m,0,<0.1
03/07/2023,2023_Jul,X0m_digging,0,<0.1
03/07/2023,2023_Jul,X0m_digging,0,<0.1
03/07/2023,2023_Jul,pile_height,40,NA
03/07/2023,2023_Jul,WS,6.1,NA
03/07/2023,2023_Jul,WD,117,NA
03/07/2023,2023_Jul,Temp,29.86,NA
10/07/2023,2023_Jul,X30m,0,<0.1
10/07/2023,2023_Jul,X10m_1.5m,0,<0.1
10/07/2023,2023_Jul,X10m_0m,0,<0.1
10/07/2023,2023_Jul,X0m_1.5m,0,<0.1
10/07/2023,2023_Jul,X0m_0m,0,<0.1
10/07/2023,2023_Jul,X0m_0m,0,<0.1
10/07/2023,2023_Jul,X0m_digging,0,<0.1
10/07/2023,2023_Jul,X0m_digging,0,<0.1
10/07/2023,2023_Jul,pile_height,40,NA
10/07/2023,2023_Jul,WS,4.72,NA
10/07/2023,2023_Jul,WD,126,NA
10/07/2023,2023_Jul,Temp,30.4,NA
11/07/2023,2023_Jul,X30m,0,<0.1
11/07/2023,2023_Jul,X10m_1.5m,0,<0.1
11/07/2023,2023_Jul,X10m_0m,0,<0.1
11/07/2023,2023_Jul,X0m_1.5m,0,<0.1
11/07/2023,2023_Jul,X0m_0m,0,<0.1
11/07/2023,2023_Jul,X0m_0m,0,<0.1
11/07/2023,2023_Jul,X0m_digging,0,<0.1
11/07/2023,2023_Jul,X0m_digging,0,<0.1
11/07/2023,2023_Jul,pile_height,30,NA
11/07/2023,2023_Jul,WS,3.79,NA
11/07/2023,2023_Jul,WD,108,NA
11/07/2023,2023_Jul,Temp,30.9,NA
12/07/2023,2023_Jul,X30m,0,<0.1
12/07/2023,2023_Jul,X10m_1.5m,0,<0.1
12/07/2023,2023_Jul,X10m_0m,0,<0.1
12/07/2023,2023_Jul,X0m_1.5m,0,<0.1
12/07/2023,2023_Jul,X0m_0m,0,<0.1
12/07/2023,2023_Jul,X0m_0m,0,<0.1
12/07/2023,2023_Jul,X0m_digging,0,<0.1
12/07/2023,2023_Jul,X0m_digging,0,<0.1
12/07/2023,2023_Jul,pile_height,40,NA
12/07/2023,2023_Jul,WS,4.43,NA
12/07/2023,2023_Jul,WD,71.2,NA
12/07/2023,2023_Jul,Temp,30.5,NA
03/08/2023,2023_Aug,X30m,0,<0.1
03/08/2023,2023_Aug,X10m_1.5m,0,<0.1
03/08/2023,2023_Aug,X10m_0m,0,<0.1
03/08/2023,2023_Aug,X0m_1.5m,0,<0.1
03/08/2023,2023_Aug,X0m_0m,0,<0.1
03/08/2023,2023_Aug,X0m_0m,0,<0.1
03/08/2023,2023_Aug,X0m_digging,94.2,>50
03/08/2023,2023_Aug,X0m_digging,0,<0.1
03/08/2023,2023_Aug,pile_height,20,NA
03/08/2023,2023_Aug,WS,2.99,NA
03/08/2023,2023_Aug,WD,66.1,NA
03/08/2023,2023_Aug,Temp,30.89,NA
04/08/2023,2023_Aug,X30m,0,<0.1
04/08/2023,2023_Aug,X10m_1.5m,0,<0.1
04/08/2023,2023_Aug,X10m_0m,0,<0.1
04/08/2023,2023_Aug,X0m_1.5m,0,<0.1
04/08/2023,2023_Aug,X0m_0m,0,<0.1
04/08/2023,2023_Aug,X0m_0m,0.7,0.1-2
04/08/2023,2023_Aug,X0m_digging,73.8,>50
04/08/2023,2023_Aug,X0m_digging,0.6,0.1-2
04/08/2023,2023_Aug,pile_height,30,NA
04/08/2023,2023_Aug,WS,3.62,NA
04/08/2023,2023_Aug,WD,116.3,NA
04/08/2023,2023_Aug,Temp,30.39,NA
11/08/2023,2023_Aug,X30m,0,<0.1
11/08/2023,2023_Aug,X10m_1.5m,0,<0.1
11/08/2023,2023_Aug,X10m_0m,0,<0.1
11/08/2023,2023_Aug,X0m_1.5m,0,<0.1
11/08/2023,2023_Aug,X0m_0m,0,<0.1
11/08/2023,2023_Aug,X0m_0m,0,<0.1
11/08/2023,2023_Aug,X0m_digging,21.2,10.1-50
11/08/2023,2023_Aug,X0m_digging,0,<0.1
11/08/2023,2023_Aug,pile_height,20,NA
11/08/2023,2023_Aug,WS,4.4,NA
11/08/2023,2023_Aug,WD,91.8,NA
11/08/2023,2023_Aug,Temp,31.1,NA
20/08/2023,2023_Aug,X30m,0,<0.1
20/08/2023,2023_Aug,X10m_1.5m,0,<0.1
20/08/2023,2023_Aug,X10m_0m,0,<0.1
20/08/2023,2023_Aug,X0m_1.5m,0,<0.1
20/08/2023,2023_Aug,X0m_0m,0,<0.1
20/08/2023,2023_Aug,X0m_0m,0,<0.1
20/08/2023,2023_Aug,X0m_digging,2.1,2.1-5
20/08/2023,2023_Aug,X0m_digging,40.9,10.1-50
20/08/2023,2023_Aug,pile_height,30,NA
20/08/2023,2023_Aug,WS,6.3,NA
20/08/2023,2023_Aug,WD,79.9,NA
20/08/2023,2023_Aug,Temp,31,NA
25/08/2023,2023_Aug,X30m,0,<0.1
25/08/2023,2023_Aug,X10m_1.5m,0,<0.1
25/08/2023,2023_Aug,X10m_0m,0,<0.1
25/08/2023,2023_Aug,X0m_1.5m,0,<0.1
25/08/2023,2023_Aug,X0m_0m,0,<0.1
25/08/2023,2023_Aug,X0m_0m,0,<0.1
25/08/2023,2023_Aug,X0m_digging,0,<0.1
25/08/2023,2023_Aug,X0m_digging,0,<0.1
25/08/2023,2023_Aug,pile_height,0,NA
25/08/2023,2023_Aug,WS,0,NA
25/08/2023,2023_Aug,WD,210,NA
25/08/2023,2023_Aug,Temp,28.85,NA
11/08/2023,2023_Aug,X0m_digging,11.5,10.1-50
11/08/2023,2023_Aug,X0m_digging,1.8,0.1-2
11/08/2023,2023_Aug,X0m_digging,0.8,0.1-2
11/08/2023,2023_Aug,X0m_digging,0.6,0.1-2
11/08/2023,2023_Aug,X0m_digging,0,<0.1
11/08/2023,2023_Aug,X0m_digging,1.1,0.1-2
11/08/2023,2023_Aug,X0m_digging,1,0.1-2
11/08/2023,2023_Aug,X0m_digging,1.6,0.1-2
11/08/2023,2023_Aug,X0m_digging,1.7,0.1-2
11/08/2023,2023_Aug,X0m_digging,0.9,0.1-2
11/08/2023,2023_Aug,X0m_digging,1.7,0.1-2
11/08/2023,2023_Aug,X0m_digging,1.6,0.1-2
11/08/2023,2023_Aug,X0m_digging,2.6,2.1-5
11/08/2023,2023_Aug,X0m_digging,21.2,10.1-50
11/08/2023,2023_Aug,X0m_digging,3.8,2.1-5
22/08/2023,2023_Aug,X0m_digging,8.1,5.1-10
22/08/2023,2023_Aug,X0m_digging,2,0.1-2
22/08/2023,2023_Aug,X0m_digging,8.4,5.1-10
22/08/2023,2023_Aug,X0m_digging,2.3,2.1-5
22/08/2023,2023_Aug,X0m_digging,0,<0.1
22/08/2023,2023_Aug,X0m_digging,1.8,0.1-2
22/08/2023,2023_Aug,X0m_digging,1.2,0.1-2
22/08/2023,2023_Aug,X0m_digging,0,<0.1
22/08/2023,2023_Aug,X0m_digging,0,<0.1
22/08/2023,2023_Aug,X0m_digging,0,<0.1
22/08/2023,2023_Aug,X0m_digging,0,<0.1
22/08/2023,2023_Aug,X0m_digging,0,<0.1
22/08/2023,2023_Aug,X0m_digging,7.4,5.1-10
22/08/2023,2023_Aug,X0m_digging,9.4,5.1-10
22/08/2023,2023_Aug,X0m_digging,2.9,2.1-5
25/08/2023,2023_Aug,X0m_digging,0,<0.1
25/08/2023,2023_Aug,X0m_digging,0,<0.1
25/08/2023,2023_Aug,X0m_digging,0,<0.1
25/08/2023,2023_Aug,X0m_digging,0,<0.1
25/08/2023,2023_Aug,X0m_digging,0,<0.1
25/08/2023,2023_Aug,X0m_digging,0,<0.1
25/08/2023,2023_Aug,X0m_digging,0,<0.1
25/08/2023,2023_Aug,X0m_digging,0,<0.1
25/08/2023,2023_Aug,X0m_digging,0,<0.1
25/08/2023,2023_Aug,X0m_digging,0,<0.1
25/08/2023,2023_Aug,X0m_digging,0,<0.1
25/08/2023,2023_Aug,X0m_digging,0,<0.1
25/08/2023,2023_Aug,X0m_digging,0,<0.1
25/08/2023,2023_Aug,X0m_digging,0,<0.1
25/08/2023,2023_Aug,X0m_digging,0,<0.1
13/09/2023,2023_Sep,X0m_digging,0,<0.1
13/09/2023,2023_Sep,X0m_digging,0,<0.1
13/09/2023,2023_Sep,X0m_digging,0,<0.1
13/09/2023,2023_Sep,X0m_digging,0,<0.1
13/09/2023,2023_Sep,X0m_digging,0,<0.1
13/09/2023,2023_Sep,X0m_digging,0,<0.1
13/09/2023,2023_Sep,X0m_digging,1.4,0.1-2
13/09/2023,2023_Sep,X0m_digging,0,<0.1
13/09/2023,2023_Sep,X0m_digging,0,<0.1
13/09/2023,2023_Sep,X0m_digging,0,<0.1
13/09/2023,2023_Sep,X0m_digging,0.8,0.1-2
13/09/2023,2023_Sep,X0m_digging,0.5,0.1-2
13/09/2023,2023_Sep,X0m_digging,0,<0.1
13/09/2023,2023_Sep,X0m_digging,0,<0.1
13/09/2023,2023_Sep,X0m_digging,0,<0.1
14/09/2023,2023_Sep,X0m_digging,0,<0.1
14/09/2023,2023_Sep,X0m_digging,0,<0.1
14/09/2023,2023_Sep,X0m_digging,0,<0.1
14/09/2023,2023_Sep,X0m_digging,0,<0.1
14/09/2023,2023_Sep,X0m_digging,0,<0.1
14/09/2023,2023_Sep,X0m_digging,0,<0.1
14/09/2023,2023_Sep,X0m_digging,0,<0.1
14/09/2023,2023_Sep,X0m_digging,0,<0.1
14/09/2023,2023_Sep,X0m_digging,0,<0.1
14/09/2023,2023_Sep,X0m_digging,0,<0.1
14/09/2023,2023_Sep,X0m_digging,5.6,5.1-10
14/09/2023,2023_Sep,X0m_digging,0.7,0.1-2
14/09/2023,2023_Sep,X0m_digging,0,<0.1
14/09/2023,2023_Sep,X0m_digging,0,<0.1
14/09/2023,2023_Sep,X0m_digging,1.1,0.1-2
14/09/2023,2023_Sep,X0m_digging,0.6,0.1-2
14/09/2023,2023_Sep,X0m_digging,0,<0.1
14/09/2023,2023_Sep,X0m_digging,0,<0.1
14/09/2023,2023_Sep,X0m_digging,2.6,2.1-5
14/09/2023,2023_Sep,X0m_digging,0,<0.1
14/09/2023,2023_Sep,X0m_digging,1.2,0.1-2
14/09/2023,2023_Sep,X0m_digging,0.6,0.1-2
14/09/2023,2023_Sep,X0m_digging,0,<0.1
14/09/2023,2023_Sep,X0m_digging,0,<0.1
14/09/2023,2023_Sep,X0m_digging,3.3,2.1-5
14/09/2023,2023_Sep,X0m_digging,4.9,2.1-5
14/09/2023,2023_Sep,X0m_digging,13.1,10.1-50
14/09/2023,2023_Sep,X0m_digging,7.7,5.1-10
14/09/2023,2023_Sep,X0m_digging,8.2,5.1-10
14/09/2023,2023_Sep,X0m_digging,2.2,2.1-5
14/09/2023,2023_Sep,X0m_digging,17.2,10.1-50
14/09/2023,2023_Sep,X0m_digging,8.8,5.1-10
14/09/2023,2023_Sep,X0m_digging,9,5.1-10
14/09/2023,2023_Sep,X0m_digging,0.8,0.1-2
14/09/2023,2023_Sep,X0m_digging,0,<0.1
14/09/2023,2023_Sep,X0m_digging,0,<0.1
14/09/2023,2023_Sep,X0m_digging,0,<0.1
14/09/2023,2023_Sep,X0m_digging,0,<0.1
14/09/2023,2023_Sep,X0m_digging,0,<0.1
14/09/2023,2023_Sep,X0m_digging,0,<0.1
14/09/2023,2023_Sep,X0m_digging,0,<0.1
14/09/2023,2023_Sep,X0m_digging,0,<0.1
14/09/2023,2023_Sep,X0m_digging,0,<0.1
14/09/2023,2023_Sep,X0m_digging,0,<0.1
14/09/2023,2023_Sep,X0m_digging,0,<0.1
14/09/2023,2023_Sep,X0m_digging,11.4,10.1-50
14/09/2023,2023_Sep,X0m_digging,11.7,10.1-50
14/09/2023,2023_Sep,X0m_digging,47,10.1-50
14/09/2023,2023_Sep,X0m_digging,1.6,0.1-2
14/09/2023,2023_Sep,X0m_digging,4,2.1-5
14/09/2023,2023_Sep,X0m_digging,1.4,0.1-2
14/09/2023,2023_Sep,X0m_digging,3.9,2.1-5
14/09/2023,2023_Sep,X0m_digging,3.7,2.1-5
14/09/2023,2023_Sep,X0m_digging,3.1,2.1-5
14/09/2023,2023_Sep,X0m_digging,2.1,2.1-5
14/09/2023,2023_Sep,X0m_digging,0.7,0.1-2
14/09/2023,2023_Sep,X0m_digging,7.2,5.1-10
14/09/2023,2023_Sep,X0m_digging,14.5,10.1-50
14/09/2023,2023_Sep,X0m_digging,1.8,0.1-2
14/09/2023,2023_Sep,X0m_digging,1.1,0.1-2
04/08/2023,2023_Aug,X0m_digging,3.2,2.1-5
04/08/2023,2023_Aug,X0m_digging,6.2,5.1-10
04/08/2023,2023_Aug,X0m_digging,13.5,10.1-50
04/08/2023,2023_Aug,X0m_digging,29.6,10.1-50
04/08/2023,2023_Aug,X0m_digging,34.1,10.1-50
04/08/2023,2023_Aug,X0m_digging,56.9,>50
04/08/2023,2023_Aug,X0m_digging,73.8,>50
04/08/2023,2023_Aug,X0m_digging,3.1,2.1-5
04/08/2023,2023_Aug,X0m_digging,0.9,0.1-2
04/08/2023,2023_Aug,X0m_digging,6.4,5.1-10
04/08/2023,2023_Aug,X0m_digging,0.6,0.1-2
03/08/2023,2023_Aug,X0m_digging,2.3,2.1-5
03/08/2023,2023_Aug,X0m_digging,16.8,10.1-50
03/08/2023,2023_Aug,X0m_digging,0.6,0.1-2
03/08/2023,2023_Aug,X0m_digging,94.2,>50
27/07/2022,2022_Jul,X40m,0,<0.1
27/07/2022,2022_Jul,X40m,0,<0.1
27/07/2022,2022_Jul,X40m,0,<0.1
28/07/2022,2022_Jul,X40m,0,<0.1
28/07/2022,2022_Jul,X40m,0,<0.1
28/07/2022,2022_Jul,X40m,0,<0.1
29/07/2022,2022_Jul,X40m,0,<0.1
29/07/2022,2022_Jul,X40m,0,<0.1
01/08/2022,2022_Aug,X40m,0,<0.1
01/08/2022,2022_Aug,X40m,0,<0.1
02/08/2022,2022_Aug,X40m,0,<0.1
02/08/2022,2022_Aug,X40m,0,<0.1
03/08/2022,2022_Aug,X40m,0,<0.1
03/08/2022,2022_Aug,X40m,0,<0.1
05/08/2022,2022_Aug,X40m,0,<0.1
05/08/2022,2022_Aug,X40m,0,<0.1
08/08/2022,2022_Aug,X40m,0,<0.1
09/08/2022,2022_Aug,X40m,0,<0.1
15/08/2022,2022_Aug,X40m,0,<0.1
15/08/2022,2022_Aug,X40m,0,<0.1
16/08/2022,2022_Aug,X40m,0,<0.1
16/08/2022,2022_Aug,X40m,0,<0.1
17/08/2022,2022_Aug,X40m,0,<0.1
19/08/2022,2022_Aug,X40m,0,<0.1
23/08/2022,2022_Aug,X40m,0,<0.1
24/08/2022,2022_Aug,X40m,0,<0.1
25/08/2022,2022_Aug,X40m,0,<0.1
26/08/2022,2022_Aug,X40m,0,<0.1
26/08/2022,2022_Aug,X40m,0,<0.1
29/08/2022,2022_Aug,X40m,0,<0.1
29/08/2022,2022_Aug,X40m,0,<0.1
31/08/2022,2022_Aug,X40m,0,<0.1
14/09/2022,2022_Sep,X40m,0,<0.1
19/09/2022,2022_Sep,X40m,0,<0.1
21/09/2022,2022_Sep,X40m,0,<0.1
23/09/2022,2022_Sep,X40m,0,<0.1
30/09/2022,2022_Sep,X40m,0,<0.1
20/02/2023,2023_Feb,X40m,0,<0.1
23/02/2023,2023_Feb,X40m,0,<0.1
10/03/2023,2023_Mar,X40m,0,<0.1
14/03/2023,2023_Mar,X40m,0,<0.1
21/03/2023,2023_Mar,X40m,0,<0.1
29/03/2023,2023_Mar,X40m,0,<0.1
30/03/2023,2023_Mar,X40m,0,<0.1
11/04/2023,2023_Apr,X40m,0,<0.1
14/04/2023,2023_Apr,X40m,0,<0.1
25/04/2023,2023_Apr,X40m,0,<0.1
17/05/2023,2023_May,X40m,0,<0.1
17/05/2023,2023_May,X40m,0,<0.1
29/05/2023,2023_May,X40m,0,<0.1
29/05/2023,2023_May,X40m,0,<0.1
06/06/2023,2023_Jun,X40m,0,<0.1
07/06/2023,2023_Jun,X40m,0,<0.1
08/06/2023,2023_Jun,X40m,0,<0.1
14/06/2023,2023_Jun,X40m,0,<0.1
16/06/2023,2023_Jun,X40m,0,<0.1
20/06/2023,2023_Jun,X40m,0,<0.1
21/06/2023,2023_Jun,X40m,0,<0.1
26/06/2023,2023_Jun,X40m,0,<0.1
27/06/2023,2023_Jun,X40m,0,<0.1
28/06/2023,2023_Jun,X40m,0,<0.1
29/06/2023,2023_Jun,X40m,0,<0.1
03/07/2023,2023_Jul,X40m,0,<0.1
10/07/2023,2023_Jul,X40m,0,<0.1
11/07/2023,2023_Jul,X40m,0,<0.1
12/07/2023,2023_Jul,X40m,0,<0.1
03/08/2023,2023_Aug,X40m,0,<0.1
04/08/2023,2023_Aug,X40m,0,<0.1
11/08/2023,2023_Aug,X40m,0,<0.1
20/08/2023,2023_Aug,X40m,0,<0.1
25/08/2023,2023_Aug,X40m,0,<0.1
11/08/2023,2023_Aug,pile_height,20,NA
11/08/2023,2023_Aug,pile_height,20,NA
11/08/2023,2023_Aug,pile_height,15,NA
11/08/2023,2023_Aug,pile_height,20,NA
11/08/2023,2023_Aug,pile_height,15,NA
11/08/2023,2023_Aug,pile_height,15,NA
11/08/2023,2023_Aug,pile_height,15,NA
11/08/2023,2023_Aug,pile_height,10,NA
11/08/2023,2023_Aug,pile_height,15,NA
11/08/2023,2023_Aug,pile_height,20,NA
11/08/2023,2023_Aug,pile_height,5,NA
11/08/2023,2023_Aug,pile_height,10,NA
11/08/2023,2023_Aug,pile_height,15,NA
11/08/2023,2023_Aug,pile_height,15,NA
11/08/2023,2023_Aug,pile_height,10,NA
22/08/2023,2023_Aug,pile_height,10,NA
22/08/2023,2023_Aug,pile_height,15,NA
22/08/2023,2023_Aug,pile_height,10,NA
22/08/2023,2023_Aug,pile_height,15,NA
22/08/2023,2023_Aug,pile_height,20,NA
22/08/2023,2023_Aug,pile_height,25,NA
22/08/2023,2023_Aug,pile_height,15,NA
22/08/2023,2023_Aug,pile_height,15,NA
22/08/2023,2023_Aug,pile_height,5,NA
22/08/2023,2023_Aug,pile_height,5,NA
22/08/2023,2023_Aug,pile_height,5,NA
22/08/2023,2023_Aug,pile_height,5,NA
22/08/2023,2023_Aug,pile_height,5,NA
22/08/2023,2023_Aug,pile_height,5,NA
22/08/2023,2023_Aug,pile_height,5,NA
25/08/2023,2023_Aug,pile_height,20,NA
25/08/2023,2023_Aug,pile_height,20,NA
25/08/2023,2023_Aug,pile_height,20,NA
25/08/2023,2023_Aug,pile_height,20,NA
25/08/2023,2023_Aug,pile_height,15,NA
25/08/2023,2023_Aug,pile_height,15,NA
25/08/2023,2023_Aug,pile_height,15,NA
25/08/2023,2023_Aug,pile_height,15,NA
25/08/2023,2023_Aug,pile_height,20,NA
25/08/2023,2023_Aug,pile_height,20,NA
25/08/2023,2023_Aug,pile_height,25,NA
25/08/2023,2023_Aug,pile_height,10,NA
25/08/2023,2023_Aug,pile_height,20,NA
25/08/2023,2023_Aug,pile_height,15,NA
25/08/2023,2023_Aug,pile_height,15,NA
13/09/2023,2023_Sep,pile_height,10,NA
13/09/2023,2023_Sep,pile_height,10,NA
13/09/2023,2023_Sep,pile_height,10,NA
13/09/2023,2023_Sep,pile_height,10,NA
13/09/2023,2023_Sep,pile_height,10,NA
13/09/2023,2023_Sep,pile_height,15,NA
13/09/2023,2023_Sep,pile_height,10,NA
13/09/2023,2023_Sep,pile_height,10,NA
13/09/2023,2023_Sep,pile_height,10,NA
13/09/2023,2023_Sep,pile_height,10,NA
13/09/2023,2023_Sep,pile_height,10,NA
13/09/2023,2023_Sep,pile_height,10,NA
13/09/2023,2023_Sep,pile_height,5,NA
13/09/2023,2023_Sep,pile_height,5,NA
13/09/2023,2023_Sep,pile_height,5,NA
14/09/2023,2023_Sep,pile_height,10,NA
14/09/2023,2023_Sep,pile_height,5,NA
14/09/2023,2023_Sep,pile_height,5,NA
14/09/2023,2023_Sep,pile_height,5,NA
14/09/2023,2023_Sep,pile_height,10,NA
14/09/2023,2023_Sep,pile_height,10,NA
14/09/2023,2023_Sep,pile_height,10,NA
14/09/2023,2023_Sep,pile_height,10,NA
14/09/2023,2023_Sep,pile_height,10,NA
14/09/2023,2023_Sep,pile_height,10,NA
14/09/2023,2023_Sep,pile_height,15,NA
14/09/2023,2023_Sep,pile_height,15,NA
14/09/2023,2023_Sep,pile_height,10,NA
14/09/2023,2023_Sep,pile_height,10,NA
14/09/2023,2023_Sep,pile_height,5,NA
14/09/2023,2023_Sep,pile_height,10,NA
14/09/2023,2023_Sep,pile_height,10,NA
14/09/2023,2023_Sep,pile_height,15,NA
14/09/2023,2023_Sep,pile_height,15,NA
14/09/2023,2023_Sep,pile_height,20,NA
14/09/2023,2023_Sep,pile_height,15,NA
14/09/2023,2023_Sep,pile_height,15,NA
14/09/2023,2023_Sep,pile_height,10,NA
14/09/2023,2023_Sep,pile_height,15,NA
14/09/2023,2023_Sep,pile_height,15,NA
14/09/2023,2023_Sep,pile_height,15,NA
14/09/2023,2023_Sep,pile_height,15,NA
14/09/2023,2023_Sep,pile_height,15,NA
14/09/2023,2023_Sep,pile_height,15,NA
14/09/2023,2023_Sep,pile_height,15,NA
14/09/2023,2023_Sep,pile_height,15,NA
14/09/2023,2023_Sep,pile_height,10,NA
14/09/2023,2023_Sep,pile_height,20,NA
14/09/2023,2023_Sep,pile_height,15,NA
14/09/2023,2023_Sep,pile_height,10,NA
14/09/2023,2023_Sep,pile_height,15,NA
14/09/2023,2023_Sep,pile_height,5,NA
14/09/2023,2023_Sep,pile_height,5,NA
14/09/2023,2023_Sep,pile_height,15,NA
14/09/2023,2023_Sep,pile_height,15,NA
14/09/2023,2023_Sep,pile_height,15,NA
14/09/2023,2023_Sep,pile_height,15,NA
14/09/2023,2023_Sep,pile_height,10,NA
14/09/2023,2023_Sep,pile_height,15,NA
14/09/2023,2023_Sep,pile_height,5,NA
14/09/2023,2023_Sep,pile_height,20,NA
14/09/2023,2023_Sep,pile_height,20,NA
14/09/2023,2023_Sep,pile_height,15,NA
14/09/2023,2023_Sep,pile_height,20,NA
14/09/2023,2023_Sep,pile_height,20,NA
14/09/2023,2023_Sep,pile_height,20,NA
14/09/2023,2023_Sep,pile_height,20,NA
14/09/2023,2023_Sep,pile_height,15,NA
14/09/2023,2023_Sep,pile_height,20,NA
14/09/2023,2023_Sep,pile_height,20,NA
14/09/2023,2023_Sep,pile_height,25,NA
14/09/2023,2023_Sep,pile_height,25,NA
14/09/2023,2023_Sep,pile_height,15,NA
14/09/2023,2023_Sep,pile_height,20,NA
14/09/2023,2023_Sep,pile_height,20,NA
04/08/2023,2023_Aug,pile_height,30,NA
04/08/2023,2023_Aug,pile_height,30,NA
04/08/2023,2023_Aug,pile_height,30,NA
04/08/2023,2023_Aug,pile_height,30,NA
04/08/2023,2023_Aug,pile_height,30,NA
04/08/2023,2023_Aug,pile_height,30,NA
04/08/2023,2023_Aug,pile_height,30,NA
04/08/2023,2023_Aug,pile_height,30,NA
04/08/2023,2023_Aug,pile_height,30,NA
04/08/2023,2023_Aug,pile_height,30,NA
04/08/2023,2023_Aug,pile_height,30,NA
03/08/2023,2023_Aug,pile_height,20,NA
03/08/2023,2023_Aug,pile_height,20,NA
03/08/2023,2023_Aug,pile_height,20,NA
03/08/2023,2023_Aug,pile_height,20,NA
11/08/2023,2023_Aug,Temp,31.1,NA
11/08/2023,2023_Aug,Temp,31.1,NA
11/08/2023,2023_Aug,Temp,31.1,NA
11/08/2023,2023_Aug,Temp,31.1,NA
11/08/2023,2023_Aug,Temp,31.1,NA
11/08/2023,2023_Aug,Temp,31.1,NA
11/08/2023,2023_Aug,Temp,31.1,NA
11/08/2023,2023_Aug,Temp,31.1,NA
11/08/2023,2023_Aug,Temp,31.1,NA
11/08/2023,2023_Aug,Temp,31.1,NA
11/08/2023,2023_Aug,Temp,31.1,NA
11/08/2023,2023_Aug,Temp,31.1,NA
11/08/2023,2023_Aug,Temp,31.1,NA
11/08/2023,2023_Aug,Temp,31.1,NA
11/08/2023,2023_Aug,Temp,31.1,NA
22/08/2023,2023_Aug,Temp,30.79,NA
22/08/2023,2023_Aug,Temp,30.79,NA
22/08/2023,2023_Aug,Temp,30.79,NA
22/08/2023,2023_Aug,Temp,30.79,NA
22/08/2023,2023_Aug,Temp,30.79,NA
22/08/2023,2023_Aug,Temp,30.79,NA
22/08/2023,2023_Aug,Temp,30.79,NA
22/08/2023,2023_Aug,Temp,30.79,NA
22/08/2023,2023_Aug,Temp,30.79,NA
22/08/2023,2023_Aug,Temp,30.79,NA
22/08/2023,2023_Aug,Temp,30.79,NA
22/08/2023,2023_Aug,Temp,30.79,NA
22/08/2023,2023_Aug,Temp,30.79,NA
22/08/2023,2023_Aug,Temp,30.79,NA
22/08/2023,2023_Aug,Temp,30.79,NA
25/08/2023,2023_Aug,Temp,28.85,NA
25/08/2023,2023_Aug,Temp,28.85,NA
25/08/2023,2023_Aug,Temp,28.85,NA
25/08/2023,2023_Aug,Temp,28.85,NA
25/08/2023,2023_Aug,Temp,28.85,NA
25/08/2023,2023_Aug,Temp,28.85,NA
25/08/2023,2023_Aug,Temp,28.85,NA
25/08/2023,2023_Aug,Temp,28.85,NA
25/08/2023,2023_Aug,Temp,28.85,NA
25/08/2023,2023_Aug,Temp,28.85,NA
25/08/2023,2023_Aug,Temp,28.85,NA
25/08/2023,2023_Aug,Temp,28.85,NA
25/08/2023,2023_Aug,Temp,28.85,NA
25/08/2023,2023_Aug,Temp,28.85,NA
25/08/2023,2023_Aug,Temp,28.85,NA
13/09/2023,2023_Sep,Temp,30.92,NA
13/09/2023,2023_Sep,Temp,30.92,NA
13/09/2023,2023_Sep,Temp,30.92,NA
13/09/2023,2023_Sep,Temp,30.92,NA
13/09/2023,2023_Sep,Temp,30.92,NA
13/09/2023,2023_Sep,Temp,30.92,NA
13/09/2023,2023_Sep,Temp,30.92,NA
13/09/2023,2023_Sep,Temp,30.92,NA
13/09/2023,2023_Sep,Temp,30.92,NA
13/09/2023,2023_Sep,Temp,30.92,NA
13/09/2023,2023_Sep,Temp,30.92,NA
13/09/2023,2023_Sep,Temp,30.92,NA
13/09/2023,2023_Sep,Temp,30.92,NA
13/09/2023,2023_Sep,Temp,30.92,NA
13/09/2023,2023_Sep,Temp,30.92,NA
14/09/2023,2023_Sep,Temp,30.4,NA
14/09/2023,2023_Sep,Temp,30.4,NA
14/09/2023,2023_Sep,Temp,30.4,NA
14/09/2023,2023_Sep,Temp,30.4,NA
14/09/2023,2023_Sep,Temp,30.4,NA
14/09/2023,2023_Sep,Temp,30.4,NA
14/09/2023,2023_Sep,Temp,30.4,NA
14/09/2023,2023_Sep,Temp,30.4,NA
14/09/2023,2023_Sep,Temp,30.4,NA
14/09/2023,2023_Sep,Temp,30.4,NA
14/09/2023,2023_Sep,Temp,30.4,NA
14/09/2023,2023_Sep,Temp,30.4,NA
14/09/2023,2023_Sep,Temp,30.4,NA
14/09/2023,2023_Sep,Temp,30.4,NA
14/09/2023,2023_Sep,Temp,30.4,NA
14/09/2023,2023_Sep,Temp,30.4,NA
14/09/2023,2023_Sep,Temp,30.4,NA
14/09/2023,2023_Sep,Temp,30.4,NA
14/09/2023,2023_Sep,Temp,30.4,NA
14/09/2023,2023_Sep,Temp,30.4,NA
14/09/2023,2023_Sep,Temp,30.4,NA
14/09/2023,2023_Sep,Temp,30.4,NA
14/09/2023,2023_Sep,Temp,30.4,NA
14/09/2023,2023_Sep,Temp,30.4,NA
14/09/2023,2023_Sep,Temp,30.4,NA
14/09/2023,2023_Sep,Temp,30.4,NA
14/09/2023,2023_Sep,Temp,30.4,NA
14/09/2023,2023_Sep,Temp,30.4,NA
14/09/2023,2023_Sep,Temp,30.4,NA
14/09/2023,2023_Sep,Temp,30.4,NA
14/09/2023,2023_Sep,Temp,30.4,NA
14/09/2023,2023_Sep,Temp,30.4,NA
14/09/2023,2023_Sep,Temp,30.4,NA
14/09/2023,2023_Sep,Temp,30.4,NA
14/09/2023,2023_Sep,Temp,30.4,NA
14/09/2023,2023_Sep,Temp,30.4,NA
14/09/2023,2023_Sep,Temp,30.4,NA
14/09/2023,2023_Sep,Temp,30.4,NA
14/09/2023,2023_Sep,Temp,30.4,NA
14/09/2023,2023_Sep,Temp,30.4,NA
14/09/2023,2023_Sep,Temp,30.4,NA
14/09/2023,2023_Sep,Temp,30.4,NA
14/09/2023,2023_Sep,Temp,30.4,NA
14/09/2023,2023_Sep,Temp,30.4,NA
14/09/2023,2023_Sep,Temp,30.4,NA
14/09/2023,2023_Sep,Temp,30.4,NA
14/09/2023,2023_Sep,Temp,30.4,NA
14/09/2023,2023_Sep,Temp,30.4,NA
14/09/2023,2023_Sep,Temp,30.4,NA
14/09/2023,2023_Sep,Temp,30.4,NA
14/09/2023,2023_Sep,Temp,30.4,NA
14/09/2023,2023_Sep,Temp,30.4,NA
14/09/2023,2023_Sep,Temp,30.4,NA
14/09/2023,2023_Sep,Temp,30.4,NA
14/09/2023,2023_Sep,Temp,30.4,NA
14/09/2023,2023_Sep,Temp,30.4,NA
14/09/2023,2023_Sep,Temp,30.4,NA
14/09/2023,2023_Sep,Temp,30.4,NA
14/09/2023,2023_Sep,Temp,30.4,NA
14/09/2023,2023_Sep,Temp,30.4,NA
04/08/2023,2023_Aug,Temp,30.39,NA
04/08/2023,2023_Aug,Temp,30.39,NA
04/08/2023,2023_Aug,Temp,30.39,NA
04/08/2023,2023_Aug,Temp,30.39,NA
04/08/2023,2023_Aug,Temp,30.39,NA
04/08/2023,2023_Aug,Temp,30.39,NA
04/08/2023,2023_Aug,Temp,30.39,NA
04/08/2023,2023_Aug,Temp,30.39,NA
04/08/2023,2023_Aug,Temp,30.39,NA
04/08/2023,2023_Aug,Temp,30.39,NA
04/08/2023,2023_Aug,Temp,30.39,NA
03/08/2023,2023_Aug,Temp,30.89,NA
03/08/2023,2023_Aug,Temp,30.89,NA
03/08/2023,2023_Aug,Temp,30.89,NA
03/08/2023,2023_Aug,Temp,30.89,NA
11/08/2023,2023_Aug,WD,91.8,NA
11/08/2023,2023_Aug,WD,91.8,NA
11/08/2023,2023_Aug,WD,91.8,NA
11/08/2023,2023_Aug,WD,91.8,NA
11/08/2023,2023_Aug,WD,91.8,NA
11/08/2023,2023_Aug,WD,91.8,NA
11/08/2023,2023_Aug,WD,91.8,NA
11/08/2023,2023_Aug,WD,91.8,NA
11/08/2023,2023_Aug,WD,91.8,NA
11/08/2023,2023_Aug,WD,91.8,NA
11/08/2023,2023_Aug,WD,91.8,NA
11/08/2023,2023_Aug,WD,91.8,NA
11/08/2023,2023_Aug,WD,91.8,NA
11/08/2023,2023_Aug,WD,91.8,NA
11/08/2023,2023_Aug,WD,91.8,NA
22/08/2023,2023_Aug,WD,51,NA
22/08/2023,2023_Aug,WD,51,NA
22/08/2023,2023_Aug,WD,51,NA
22/08/2023,2023_Aug,WD,51,NA
22/08/2023,2023_Aug,WD,51,NA
22/08/2023,2023_Aug,WD,51,NA
22/08/2023,2023_Aug,WD,51,NA
22/08/2023,2023_Aug,WD,51,NA
22/08/2023,2023_Aug,WD,51,NA
22/08/2023,2023_Aug,WD,51,NA
22/08/2023,2023_Aug,WD,51,NA
22/08/2023,2023_Aug,WD,51,NA
22/08/2023,2023_Aug,WD,51,NA
22/08/2023,2023_Aug,WD,51,NA
22/08/2023,2023_Aug,WD,51,NA
25/08/2023,2023_Aug,WD,210,NA
25/08/2023,2023_Aug,WD,210,NA
25/08/2023,2023_Aug,WD,210,NA
25/08/2023,2023_Aug,WD,210,NA
25/08/2023,2023_Aug,WD,210,NA
25/08/2023,2023_Aug,WD,210,NA
25/08/2023,2023_Aug,WD,210,NA
25/08/2023,2023_Aug,WD,210,NA
25/08/2023,2023_Aug,WD,210,NA
25/08/2023,2023_Aug,WD,210,NA
25/08/2023,2023_Aug,WD,210,NA
25/08/2023,2023_Aug,WD,210,NA
25/08/2023,2023_Aug,WD,210,NA
25/08/2023,2023_Aug,WD,210,NA
25/08/2023,2023_Aug,WD,210,NA
13/09/2023,2023_Sep,WD,65.9,NA
13/09/2023,2023_Sep,WD,65.9,NA
13/09/2023,2023_Sep,WD,65.9,NA
13/09/2023,2023_Sep,WD,65.9,NA
13/09/2023,2023_Sep,WD,65.9,NA
13/09/2023,2023_Sep,WD,65.9,NA
13/09/2023,2023_Sep,WD,65.9,NA
13/09/2023,2023_Sep,WD,65.9,NA
13/09/2023,2023_Sep,WD,65.9,NA
13/09/2023,2023_Sep,WD,65.9,NA
13/09/2023,2023_Sep,WD,65.9,NA
13/09/2023,2023_Sep,WD,65.9,NA
13/09/2023,2023_Sep,WD,65.9,NA
13/09/2023,2023_Sep,WD,65.9,NA
13/09/2023,2023_Sep,WD,65.9,NA
14/09/2023,2023_Sep,WD,31.4,NA
14/09/2023,2023_Sep,WD,31.4,NA
14/09/2023,2023_Sep,WD,31.4,NA
14/09/2023,2023_Sep,WD,31.4,NA
14/09/2023,2023_Sep,WD,31.4,NA
14/09/2023,2023_Sep,WD,31.4,NA
14/09/2023,2023_Sep,WD,31.4,NA
14/09/2023,2023_Sep,WD,31.4,NA
14/09/2023,2023_Sep,WD,31.4,NA
14/09/2023,2023_Sep,WD,31.4,NA
14/09/2023,2023_Sep,WD,31.4,NA
14/09/2023,2023_Sep,WD,31.4,NA
14/09/2023,2023_Sep,WD,31.4,NA
14/09/2023,2023_Sep,WD,31.4,NA
14/09/2023,2023_Sep,WD,31.4,NA
14/09/2023,2023_Sep,WD,31.4,NA
14/09/2023,2023_Sep,WD,31.4,NA
14/09/2023,2023_Sep,WD,31.4,NA
14/09/2023,2023_Sep,WD,31.4,NA
14/09/2023,2023_Sep,WD,31.4,NA
14/09/2023,2023_Sep,WD,31.4,NA
14/09/2023,2023_Sep,WD,31.4,NA
14/09/2023,2023_Sep,WD,31.4,NA
14/09/2023,2023_Sep,WD,31.4,NA
14/09/2023,2023_Sep,WD,31.4,NA
14/09/2023,2023_Sep,WD,31.4,NA
14/09/2023,2023_Sep,WD,31.4,NA
14/09/2023,2023_Sep,WD,31.4,NA
14/09/2023,2023_Sep,WD,31.4,NA
14/09/2023,2023_Sep,WD,31.4,NA
14/09/2023,2023_Sep,WD,31.4,NA
14/09/2023,2023_Sep,WD,31.4,NA
14/09/2023,2023_Sep,WD,31.4,NA
14/09/2023,2023_Sep,WD,31.4,NA
14/09/2023,2023_Sep,WD,31.4,NA
14/09/2023,2023_Sep,WD,31.4,NA
14/09/2023,2023_Sep,WD,31.4,NA
14/09/2023,2023_Sep,WD,31.4,NA
14/09/2023,2023_Sep,WD,31.4,NA
14/09/2023,2023_Sep,WD,31.4,NA
14/09/2023,2023_Sep,WD,31.4,NA
14/09/2023,2023_Sep,WD,31.4,NA
14/09/2023,2023_Sep,WD,31.4,NA
14/09/2023,2023_Sep,WD,31.4,NA
14/09/2023,2023_Sep,WD,31.4,NA
14/09/2023,2023_Sep,WD,31.4,NA
14/09/2023,2023_Sep,WD,31.4,NA
14/09/2023,2023_Sep,WD,31.4,NA
14/09/2023,2023_Sep,WD,31.4,NA
14/09/2023,2023_Sep,WD,31.4,NA
14/09/2023,2023_Sep,WD,31.4,NA
14/09/2023,2023_Sep,WD,31.4,NA
14/09/2023,2023_Sep,WD,31.4,NA
14/09/2023,2023_Sep,WD,31.4,NA
14/09/2023,2023_Sep,WD,31.4,NA
14/09/2023,2023_Sep,WD,31.4,NA
14/09/2023,2023_Sep,WD,31.4,NA
14/09/2023,2023_Sep,WD,31.4,NA
14/09/2023,2023_Sep,WD,31.4,NA
14/09/2023,2023_Sep,WD,31.4,NA
04/08/2023,2023_Aug,WD,116.3,NA
04/08/2023,2023_Aug,WD,116.3,NA
04/08/2023,2023_Aug,WD,116.3,NA
04/08/2023,2023_Aug,WD,116.3,NA
04/08/2023,2023_Aug,WD,116.3,NA
04/08/2023,2023_Aug,WD,116.3,NA
04/08/2023,2023_Aug,WD,116.3,NA
04/08/2023,2023_Aug,WD,116.3,NA
04/08/2023,2023_Aug,WD,116.3,NA
04/08/2023,2023_Aug,WD,116.3,NA
04/08/2023,2023_Aug,WD,116.3,NA
03/08/2023,2023_Aug,WD,66.1,NA
03/08/2023,2023_Aug,WD,66.1,NA
03/08/2023,2023_Aug,WD,66.1,NA
03/08/2023,2023_Aug,WD,66.1,NA
11/08/2023,2023_Aug,WS,4.4,NA
11/08/2023,2023_Aug,WS,4.4,NA
11/08/2023,2023_Aug,WS,4.4,NA
11/08/2023,2023_Aug,WS,4.4,NA
11/08/2023,2023_Aug,WS,4.4,NA
11/08/2023,2023_Aug,WS,4.4,NA
11/08/2023,2023_Aug,WS,4.4,NA
11/08/2023,2023_Aug,WS,4.4,NA
11/08/2023,2023_Aug,WS,4.4,NA
11/08/2023,2023_Aug,WS,4.4,NA
11/08/2023,2023_Aug,WS,4.4,NA
11/08/2023,2023_Aug,WS,4.4,NA
11/08/2023,2023_Aug,WS,4.4,NA
11/08/2023,2023_Aug,WS,4.4,NA
11/08/2023,2023_Aug,WS,4.4,NA
22/08/2023,2023_Aug,WS,3.24,NA
22/08/2023,2023_Aug,WS,3.24,NA
22/08/2023,2023_Aug,WS,3.24,NA
22/08/2023,2023_Aug,WS,3.24,NA
22/08/2023,2023_Aug,WS,3.24,NA
22/08/2023,2023_Aug,WS,3.24,NA
22/08/2023,2023_Aug,WS,3.24,NA
22/08/2023,2023_Aug,WS,3.24,NA
22/08/2023,2023_Aug,WS,3.24,NA
22/08/2023,2023_Aug,WS,3.24,NA
22/08/2023,2023_Aug,WS,3.24,NA
22/08/2023,2023_Aug,WS,3.24,NA
22/08/2023,2023_Aug,WS,3.24,NA
22/08/2023,2023_Aug,WS,3.24,NA
22/08/2023,2023_Aug,WS,3.24,NA
25/08/2023,2023_Aug,WS,0,NA
25/08/2023,2023_Aug,WS,0,NA
25/08/2023,2023_Aug,WS,0,NA
25/08/2023,2023_Aug,WS,0,NA
25/08/2023,2023_Aug,WS,0,NA
25/08/2023,2023_Aug,WS,0,NA
25/08/2023,2023_Aug,WS,0,NA
25/08/2023,2023_Aug,WS,0,NA
25/08/2023,2023_Aug,WS,0,NA
25/08/2023,2023_Aug,WS,0,NA
25/08/2023,2023_Aug,WS,0,NA
25/08/2023,2023_Aug,WS,0,NA
25/08/2023,2023_Aug,WS,0,NA
25/08/2023,2023_Aug,WS,0,NA
25/08/2023,2023_Aug,WS,0,NA
13/09/2023,2023_Sep,WS,4.59,NA
13/09/2023,2023_Sep,WS,4.59,NA
13/09/2023,2023_Sep,WS,4.59,NA
13/09/2023,2023_Sep,WS,4.59,NA
13/09/2023,2023_Sep,WS,4.59,NA
13/09/2023,2023_Sep,WS,4.59,NA
13/09/2023,2023_Sep,WS,4.59,NA
13/09/2023,2023_Sep,WS,4.59,NA
13/09/2023,2023_Sep,WS,4.59,NA
13/09/2023,2023_Sep,WS,4.59,NA
13/09/2023,2023_Sep,WS,4.59,NA
13/09/2023,2023_Sep,WS,4.59,NA
13/09/2023,2023_Sep,WS,4.59,NA
13/09/2023,2023_Sep,WS,4.59,NA
13/09/2023,2023_Sep,WS,4.59,NA
14/09/2023,2023_Sep,WS,2.1,NA
14/09/2023,2023_Sep,WS,2.1,NA
14/09/2023,2023_Sep,WS,2.1,NA
14/09/2023,2023_Sep,WS,2.1,NA
14/09/2023,2023_Sep,WS,2.1,NA
14/09/2023,2023_Sep,WS,2.1,NA
14/09/2023,2023_Sep,WS,2.1,NA
14/09/2023,2023_Sep,WS,2.1,NA
14/09/2023,2023_Sep,WS,2.1,NA
14/09/2023,2023_Sep,WS,2.1,NA
14/09/2023,2023_Sep,WS,2.1,NA
14/09/2023,2023_Sep,WS,2.1,NA
14/09/2023,2023_Sep,WS,2.1,NA
14/09/2023,2023_Sep,WS,2.1,NA
14/09/2023,2023_Sep,WS,2.1,NA
14/09/2023,2023_Sep,WS,2.1,NA
14/09/2023,2023_Sep,WS,2.1,NA
14/09/2023,2023_Sep,WS,2.1,NA
14/09/2023,2023_Sep,WS,2.1,NA
14/09/2023,2023_Sep,WS,2.1,NA
14/09/2023,2023_Sep,WS,2.1,NA
14/09/2023,2023_Sep,WS,2.1,NA
14/09/2023,2023_Sep,WS,2.1,NA
14/09/2023,2023_Sep,WS,2.1,NA
14/09/2023,2023_Sep,WS,2.1,NA
14/09/2023,2023_Sep,WS,2.1,NA
14/09/2023,2023_Sep,WS,2.1,NA
14/09/2023,2023_Sep,WS,2.1,NA
14/09/2023,2023_Sep,WS,2.1,NA
14/09/2023,2023_Sep,WS,2.1,NA
14/09/2023,2023_Sep,WS,2.1,NA
14/09/2023,2023_Sep,WS,2.1,NA
14/09/2023,2023_Sep,WS,2.1,NA
14/09/2023,2023_Sep,WS,2.1,NA
14/09/2023,2023_Sep,WS,2.1,NA
14/09/2023,2023_Sep,WS,2.1,NA
14/09/2023,2023_Sep,WS,2.1,NA
14/09/2023,2023_Sep,WS,2.1,NA
14/09/2023,2023_Sep,WS,2.1,NA
14/09/2023,2023_Sep,WS,2.1,NA
14/09/2023,2023_Sep,WS,2.1,NA
14/09/2023,2023_Sep,WS,2.1,NA
14/09/2023,2023_Sep,WS,2.1,NA
14/09/2023,2023_Sep,WS,2.1,NA
14/09/2023,2023_Sep,WS,2.1,NA
14/09/2023,2023_Sep,WS,2.1,NA
14/09/2023,2023_Sep,WS,2.1,NA
14/09/2023,2023_Sep,WS,2.1,NA
14/09/2023,2023_Sep,WS,2.1,NA
14/09/2023,2023_Sep,WS,2.1,NA
14/09/2023,2023_Sep,WS,2.1,NA
14/09/2023,2023_Sep,WS,2.1,NA
14/09/2023,2023_Sep,WS,2.1,NA
14/09/2023,2023_Sep,WS,2.1,NA
14/09/2023,2023_Sep,WS,2.1,NA
14/09/2023,2023_Sep,WS,2.1,NA
14/09/2023,2023_Sep,WS,2.1,NA
14/09/2023,2023_Sep,WS,2.1,NA
14/09/2023,2023_Sep,WS,2.1,NA
14/09/2023,2023_Sep,WS,2.1,NA
04/08/2023,2023_Aug,WS,3.62,NA
04/08/2023,2023_Aug,WS,3.62,NA
04/08/2023,2023_Aug,WS,3.62,NA
04/08/2023,2023_Aug,WS,3.62,NA
04/08/2023,2023_Aug,WS,3.62,NA
04/08/2023,2023_Aug,WS,3.62,NA
04/08/2023,2023_Aug,WS,3.62,NA
04/08/2023,2023_Aug,WS,3.62,NA
04/08/2023,2023_Aug,WS,3.62,NA
04/08/2023,2023_Aug,WS,3.62,NA
04/08/2023,2023_Aug,WS,3.62,NA
03/08/2023,2023_Aug,WS,2.99,NA
03/08/2023,2023_Aug,WS,2.99,NA
03/08/2023,2023_Aug,WS,2.99,NA
03/08/2023,2023_Aug,WS,2.99,NA
15/07/2022,2022_Jul,SarVol,170,NA
15/07/2022,2022_Jul,SarVol,252,NA
15/07/2022,2022_Jul,SarVol,46,NA
15/07/2022,2022_Jul,SarVol,220,NA
15/08/2022,2022_Aug,SarVol,268.255814,NA
15/08/2022,2022_Aug,SarVol,255,NA
15/08/2022,2022_Aug,SarVol,46.42857143,NA
15/08/2022,2022_Aug,SarVol,157.1428571,NA
15/09/2022,2022_Sep,SarVol,121.627907,NA
15/09/2022,2022_Sep,SarVol,190.5,NA
15/09/2022,2022_Sep,SarVol,32.14285714,NA
15/09/2022,2022_Sep,SarVol,157.1428571,NA
15/02/2023,2023_Feb,SarVol,215.8139535,NA
15/02/2023,2023_Feb,SarVol,165,NA
15/02/2023,2023_Feb,SarVol,35.71428571,NA
15/02/2023,2023_Feb,SarVol,251.4285714,NA
15/03/2023,2023_Mar,SarVol,78.02325581,NA
15/03/2023,2023_Mar,SarVol,132,NA
15/03/2023,2023_Mar,SarVol,34.28571429,NA
15/03/2023,2023_Mar,SarVol,534.2857143,NA
15/04/2023,2023_Apr,SarVol,637.6744186,NA
15/04/2023,2023_Apr,SarVol,111,NA
15/04/2023,2023_Apr,SarVol,30,NA
15/04/2023,2023_Apr,SarVol,565.7142857,NA
15/05/2023,2023_May,SarVol,291.8604651,NA
15/05/2023,2023_May,SarVol,66,NA
15/05/2023,2023_May,SarVol,58.35714286,NA
15/05/2023,2023_May,SarVol,408.5714286,NA
15/06/2023,2023_Jun,SarVol,245.9302326,NA
15/06/2023,2023_Jun,SarVol,66,NA
15/06/2023,2023_Jun,SarVol,60,NA
15/06/2023,2023_Jun,SarVol,345.7142857,NA
15/07/2023,2023_Jul,SarVol,278.6046512,NA
15/07/2023,2023_Jul,SarVol,88,NA
15/07/2023,2023_Jul,SarVol,15.71428571,NA
15/07/2023,2023_Jul,SarVol,911.4285714,NA
15/08/2023,2023_Aug,SarVol,169.5,NA
15/08/2023,2023_Aug,SarVol,77,NA
15/08/2023,2023_Aug,SarVol,12.85714286,NA
15/08/2023,2023_Aug,SarVol,974.3,NA
15/09/2023,2023_Sep,SarVol,26,NA
15/09/2023,2023_Sep,SarVol,22,NA
15/09/2023,2023_Sep,SarVol,2.6,NA
15/09/2023,2023_Sep,SarVol,251.4,NA
